#
# There is insufficient memory for the Java Runtime Environment to continue.
# Native memory allocation (malloc) failed to allocate 32744 bytes for Chunk::new
# Possible reasons:
#   The system is out of physical RAM or swap space
#   The process is running with CompressedOops enabled, and the Java Heap may be blocking the growth of the native heap
# Possible solutions:
#   Reduce memory load on the system
#   Increase physical memory or swap space
#   Check if swap backing store is full
#   Decrease Java heap size (-Xmx/-Xms)
#   Decrease number of Java threads
#   Decrease Java thread stack sizes (-Xss)
#   Set larger code cache with -XX:ReservedCodeCacheSize=
#   JVM is running with Unscaled Compressed Oops mode in which the Java heap is
#     placed in the first 4GB address space. The Java Heap base address is the
#     maximum limit for the native heap growth. Please use -XX:HeapBaseMinAddress
#     to set the Java Heap base and to place the Java Heap above 4GB virtual address.
# This output file may be truncated or incomplete.
#
#  Out of Memory Error (arena.cpp:166), pid=44356, tid=21664
#
# JRE version: Java(TM) SE Runtime Environment (21.0+35) (build 21+35-LTS-2513)
# Java VM: Java HotSpot(TM) 64-Bit Server VM (21+35-LTS-2513, mixed mode, sharing, tiered, compressed oops, compressed class ptrs, g1 gc, windows-amd64)
# No core dump will be written. Minidumps are not enabled by default on client versions of Windows
#

---------------  S U M M A R Y ------------

Command Line: --add-opens=java.base/java.lang=ALL-UNNAMED --add-opens=java.base/java.lang.invoke=ALL-UNNAMED --add-opens=java.base/java.util=ALL-UNNAMED --add-opens=java.prefs/java.util.prefs=ALL-UNNAMED --add-exports=jdk.compiler/com.sun.tools.javac.api=ALL-UNNAMED --add-exports=jdk.compiler/com.sun.tools.javac.util=ALL-UNNAMED --add-opens=java.base/java.util=ALL-UNNAMED --add-opens=java.prefs/java.util.prefs=ALL-UNNAMED --add-opens=java.base/java.nio.charset=ALL-UNNAMED --add-opens=java.base/java.net=ALL-UNNAMED --add-opens=java.base/java.util.concurrent=ALL-UNNAMED --add-opens=java.base/java.util.concurrent.atomic=ALL-UNNAMED --add-opens=java.xml/javax.xml.namespace=ALL-UNNAMED --add-opens=java.base/java.time=ALL-UNNAMED -Xmx768m -Dfile.encoding=UTF-8 -Duser.country=PE -Duser.language=es -Duser.variant -javaagent:C:\Users\jfcar\.gradle\wrapper\dists\gradle-9.4.1-bin\arn2x92ynaizyzdaamcbpbhtj\gradle-9.4.1\lib\agents\gradle-instrumentation-agent-9.4.1.jar org.gradle.launcher.daemon.bootstrap.GradleDaemon 9.4.1

Host: Intel(R) Core(TM) i7-10700K CPU @ 3.80GHz, 16 cores, 31G,  Windows 11 , 64 bit Build 26100 (10.0.26100.8521)
Time: Fri May 29 15:25:05 2026 Hora est. Pacífico, Sudamérica elapsed time: 108.781501 seconds (0d 0h 1m 48s)

---------------  T H R E A D  ---------------

Current thread (0x000001ff25935b10):  JavaThread "C2 CompilerThread3" daemon [_thread_in_native, id=21664, stack(0x000000e66b000000,0x000000e66b100000) (1024K)]


Current CompileTask:
C2: 108781 29897       4       org.gradle.internal.logging.text.AbstractLineChoppingStyledTextOutput::doAppend (43 bytes)

Stack: [0x000000e66b000000,0x000000e66b100000]
Native frames: (J=compiled Java code, j=interpreted, Vv=VM code, C=native code)
V  [jvm.dll+0x6c8d39]
V  [jvm.dll+0x854091]
V  [jvm.dll+0x85630e]
V  [jvm.dll+0x8569e3]
V  [jvm.dll+0x2809a6]
V  [jvm.dll+0xc3e6d]
V  [jvm.dll+0xc4383]
V  [jvm.dll+0x3baecd]
V  [jvm.dll+0x3ba571]
V  [jvm.dll+0x3ba5b4]
V  [jvm.dll+0x5d4966]
V  [jvm.dll+0x5d50b5]
V  [jvm.dll+0x1e1dc9]
V  [jvm.dll+0x249952]
V  [jvm.dll+0x248de1]
V  [jvm.dll+0x1c9b91]
V  [jvm.dll+0x2583e9]
V  [jvm.dll+0x2569ca]
V  [jvm.dll+0x3eef66]
V  [jvm.dll+0x7fd2c8]
V  [jvm.dll+0x6c748d]
C  [ucrtbase.dll+0x2cd30]
C  [KERNEL32.DLL+0x2e957]
C  [ntdll.dll+0x87c1c]


---------------  P R O C E S S  ---------------

Threads class SMR info:
_java_thread_list=0x000001ff23aa65e0, length=99, elements={
0x000001febdcc0980, 0x000001fed986e8c0, 0x000001fed995b5c0, 0x000001fed995d700,
0x000001fed995e9d0, 0x000001fed99600d0, 0x000001fed996daa0, 0x000001fed9977c50,
0x000001fed997e4b0, 0x000001fed9ae9810, 0x000001fed9c2df10, 0x000001ff20f9ebd0,
0x000001ff2150cb40, 0x000001ff216de620, 0x000001ff213a6d80, 0x000001ff213a4cb0,
0x000001ff213a59d0, 0x000001ff21b61fc0, 0x000001ff21b64db0, 0x000001ff21b61930,
0x000001ff262d64e0, 0x000001ff2932a240, 0x000001ff293dc510, 0x000001ff293db7f0,
0x000001ff293df300, 0x000001ff293dbe80, 0x000001ff2349ab90, 0x000001ff2349f3c0,
0x000001ff2349ed30, 0x000001ff2349c5d0, 0x000001ff2349d980, 0x000001ff2349bf40,
0x000001ff234a00e0, 0x000001ff2349fa50, 0x000001ff234a0770, 0x000001ff234a0e00,
0x000001ff234a1490, 0x000001ff234a1b20, 0x000001ff2349a500, 0x000001ff2349b8b0,
0x000001ff2349b220, 0x000001ff2349cc60, 0x000001ff2349d2f0, 0x000001ff2349e010,
0x000001ff25afff50, 0x000001ff25b005e0, 0x000001ff25b00c70, 0x000001ff25b01990,
0x000001ff25afe510, 0x000001ff25b02020, 0x000001ff25afeba0, 0x000001ff25b02d40,
0x000001ff25b026b0, 0x000001ff25b040f0, 0x000001ff25b054a0, 0x000001ff25b03a60,
0x000001ff25b04780, 0x000001ff293dec70, 0x000001ff293ddf50, 0x000001ff293dcba0,
0x000001ff293dd230, 0x000001ff293e06b0, 0x000001ff293dd8c0, 0x000001ff293e13d0,
0x000001ff293e1a60, 0x000001ff293de5e0, 0x000001ff293e20f0, 0x000001ff293e2780,
0x000001ff293e2e10, 0x000001ff21b63a00, 0x000001ff21b60c10, 0x000001ff21b62650,
0x000001ff21b64720, 0x000001ff21b65ad0, 0x000001ff213a6060, 0x000001ff2a011510,
0x000001ff2a012230, 0x000001ff2a011ba0, 0x000001ff2a009860, 0x000001ff2a00b2a0,
0x000001ff2a010e80, 0x000001ff2a014300, 0x000001ff2a0170f0, 0x000001ff3303e120,
0x000001ff33041c30, 0x000001ff33047810, 0x000001ff262d9ff0, 0x000001ff262d85b0,
0x000001ff30e90440, 0x000001ff30e8fdb0, 0x000001ff25773f60, 0x000001ff25934d70,
0x000001ff25935b10, 0x000001ff25939860, 0x000001ff259361e0, 0x000001ff259368b0,
0x000001ff25937650, 0x000001ff2593b3a0, 0x000001ff25937d20
}

Java Threads: ( => current thread )
  0x000001febdcc0980 JavaThread "main"                              [_thread_blocked, id=25452, stack(0x000000e667c00000,0x000000e667d00000) (1024K)]
  0x000001fed986e8c0 JavaThread "Reference Handler"          daemon [_thread_blocked, id=46600, stack(0x000000e668400000,0x000000e668500000) (1024K)]
  0x000001fed995b5c0 JavaThread "Finalizer"                  daemon [_thread_blocked, id=32868, stack(0x000000e668500000,0x000000e668600000) (1024K)]
  0x000001fed995d700 JavaThread "Signal Dispatcher"          daemon [_thread_blocked, id=27512, stack(0x000000e668600000,0x000000e668700000) (1024K)]
  0x000001fed995e9d0 JavaThread "Attach Listener"            daemon [_thread_blocked, id=34388, stack(0x000000e668700000,0x000000e668800000) (1024K)]
  0x000001fed99600d0 JavaThread "Service Thread"             daemon [_thread_blocked, id=34036, stack(0x000000e668800000,0x000000e668900000) (1024K)]
  0x000001fed996daa0 JavaThread "Monitor Deflation Thread"   daemon [_thread_blocked, id=35164, stack(0x000000e668900000,0x000000e668a00000) (1024K)]
  0x000001fed9977c50 JavaThread "C2 CompilerThread0"         daemon [_thread_in_native, id=9580, stack(0x000000e668a00000,0x000000e668b00000) (1024K)]
  0x000001fed997e4b0 JavaThread "C1 CompilerThread0"         daemon [_thread_blocked, id=35920, stack(0x000000e668b00000,0x000000e668c00000) (1024K)]
  0x000001fed9ae9810 JavaThread "Common-Cleaner"             daemon [_thread_blocked, id=38996, stack(0x000000e668d00000,0x000000e668e00000) (1024K)]
  0x000001fed9c2df10 JavaThread "Notification Thread"        daemon [_thread_blocked, id=31844, stack(0x000000e668f00000,0x000000e669000000) (1024K)]
  0x000001ff20f9ebd0 JavaThread "Daemon health stats"               [_thread_blocked, id=15748, stack(0x000000e66a000000,0x000000e66a100000) (1024K)]
  0x000001ff2150cb40 JavaThread "Incoming local TCP Connector on port 59323"        [_thread_in_native, id=31348, stack(0x000000e66a100000,0x000000e66a200000) (1024K)]
  0x000001ff216de620 JavaThread "Daemon periodic checks"            [_thread_blocked, id=31408, stack(0x000000e66a200000,0x000000e66a300000) (1024K)]
  0x000001ff213a6d80 JavaThread "Cache worker for journal cache (C:\Users\jfcar\.gradle\caches\journal-1)"        [_thread_blocked, id=39280, stack(0x000000e66aa00000,0x000000e66ab00000) (1024K)]
  0x000001ff213a4cb0 JavaThread "File lock request listener"        [_thread_in_native, id=41360, stack(0x000000e66ab00000,0x000000e66ac00000) (1024K)]
  0x000001ff213a59d0 JavaThread "Cache worker for file hash cache (C:\Users\jfcar\.gradle\caches\9.4.1\fileHashes)"        [_thread_blocked, id=34904, stack(0x000000e66ac00000,0x000000e66ad00000) (1024K)]
  0x000001ff21b61fc0 JavaThread "File watcher server"        daemon [_thread_in_native, id=25332, stack(0x000000e66b200000,0x000000e66b300000) (1024K)]
  0x000001ff21b64db0 JavaThread "File watcher consumer"      daemon [_thread_blocked, id=16872, stack(0x000000e66b300000,0x000000e66b400000) (1024K)]
  0x000001ff21b61930 JavaThread "Cache worker for file content cache (C:\Users\jfcar\.gradle\caches\9.4.1\fileContent)"        [_thread_blocked, id=43544, stack(0x000000e66b400000,0x000000e66b500000) (1024K)]
  0x000001ff262d64e0 JavaThread "Memory manager"                    [_thread_blocked, id=34840, stack(0x000000e66cb00000,0x000000e66cc00000) (1024K)]
  0x000001ff2932a240 JavaThread "pool-3-thread-1"                   [_thread_blocked, id=30280, stack(0x000000e669300000,0x000000e669400000) (1024K)]
  0x000001ff293dc510 JavaThread "RMI Scheduler(0)"           daemon [_thread_blocked, id=4376, stack(0x000000e669000000,0x000000e669100000) (1024K)]
  0x000001ff293db7f0 JavaThread "RMI GC Daemon"              daemon [_thread_blocked, id=31040, stack(0x000000e669200000,0x000000e669300000) (1024K)]
  0x000001ff293df300 JavaThread "RMI TCP Accept-0"           daemon [_thread_in_native, id=35792, stack(0x000000e66dd00000,0x000000e66de00000) (1024K)]
  0x000001ff293dbe80 JavaThread "RMI Reaper"                        [_thread_blocked, id=33096, stack(0x000000e66de00000,0x000000e66df00000) (1024K)]
  0x000001ff2349ab90 JavaThread "Daemon Thread 2"                   [_thread_blocked, id=43504, stack(0x000000e667900000,0x000000e667a00000) (1024K)]
  0x000001ff2349f3c0 JavaThread "Handler for socket connection from /127.0.0.1:59323 to /127.0.0.1:63671"        [_thread_in_native, id=31464, stack(0x000000e667a00000,0x000000e667b00000) (1024K)]
  0x000001ff2349ed30 JavaThread "Cancel handler"                    [_thread_blocked, id=47096, stack(0x000000e667b00000,0x000000e667c00000) (1024K)]
  0x000001ff2349c5d0 JavaThread "Daemon worker Thread 2"            [_thread_blocked, id=35180, stack(0x000000e668c00000,0x000000e668d00000) (1024K)]
  0x000001ff2349d980 JavaThread "Asynchronous log dispatcher for DefaultDaemonConnection: socket connection from /127.0.0.1:59323 to /127.0.0.1:63671"        [_thread_blocked, id=32656, stack(0x000000e668e00000,0x000000e668f00000) (1024K)]
  0x000001ff2349bf40 JavaThread "Stdin handler"                     [_thread_blocked, id=16024, stack(0x000000e669100000,0x000000e669200000) (1024K)]
  0x000001ff234a00e0 JavaThread "Daemon client event forwarder"        [_thread_blocked, id=3332, stack(0x000000e669400000,0x000000e669500000) (1024K)]
  0x000001ff2349fa50 JavaThread "Cache worker for file hash cache (D:\Github\music_wall\.gradle\9.4.1\fileHashes)"        [_thread_blocked, id=20496, stack(0x000000e66a300000,0x000000e66a400000) (1024K)]
  0x000001ff234a0770 JavaThread "Cache worker for Build Output Cleanup Cache (D:\Github\music_wall\.gradle\buildOutputCleanup)"        [_thread_blocked, id=31336, stack(0x000000e66a400000,0x000000e66a500000) (1024K)]
  0x000001ff234a0e00 JavaThread "Cache worker for checksums cache (D:\Github\music_wall\.gradle\9.4.1\checksums)"        [_thread_blocked, id=45636, stack(0x000000e66a500000,0x000000e66a600000) (1024K)]
  0x000001ff234a1490 JavaThread "Cache worker for cache directory md-supplier (C:\Users\jfcar\.gradle\caches\9.4.1\md-supplier)"        [_thread_blocked, id=43496, stack(0x000000e66a600000,0x000000e66a700000) (1024K)]
  0x000001ff234a1b20 JavaThread "Cache worker for cache directory md-rule (C:\Users\jfcar\.gradle\caches\9.4.1\md-rule)"        [_thread_blocked, id=30184, stack(0x000000e66a700000,0x000000e66a800000) (1024K)]
  0x000001ff2349a500 JavaThread "Build operations"                  [_thread_blocked, id=40196, stack(0x000000e66b800000,0x000000e66b900000) (1024K)]
  0x000001ff2349b8b0 JavaThread "Build operations Thread 2"         [_thread_blocked, id=10208, stack(0x000000e66b900000,0x000000e66ba00000) (1024K)]
  0x000001ff2349b220 JavaThread "Build operations Thread 3"         [_thread_blocked, id=15152, stack(0x000000e66ba00000,0x000000e66bb00000) (1024K)]
  0x000001ff2349cc60 JavaThread "Build operations Thread 4"         [_thread_blocked, id=39812, stack(0x000000e66bb00000,0x000000e66bc00000) (1024K)]
  0x000001ff2349d2f0 JavaThread "Build operations Thread 5"         [_thread_blocked, id=7416, stack(0x000000e66bc00000,0x000000e66bd00000) (1024K)]
  0x000001ff2349e010 JavaThread "Build operations Thread 6"         [_thread_blocked, id=36856, stack(0x000000e66bd00000,0x000000e66be00000) (1024K)]
  0x000001ff25afff50 JavaThread "Build operations Thread 7"         [_thread_blocked, id=35636, stack(0x000000e66be00000,0x000000e66bf00000) (1024K)]
  0x000001ff25b005e0 JavaThread "Build operations Thread 8"         [_thread_blocked, id=39032, stack(0x000000e66bf00000,0x000000e66c000000) (1024K)]
  0x000001ff25b00c70 JavaThread "Build operations Thread 9"         [_thread_blocked, id=28088, stack(0x000000e66c000000,0x000000e66c100000) (1024K)]
  0x000001ff25b01990 JavaThread "Build operations Thread 10"        [_thread_blocked, id=32832, stack(0x000000e66c100000,0x000000e66c200000) (1024K)]
  0x000001ff25afe510 JavaThread "Build operations Thread 11"        [_thread_blocked, id=38356, stack(0x000000e66c200000,0x000000e66c300000) (1024K)]
  0x000001ff25b02020 JavaThread "Build operations Thread 12"        [_thread_blocked, id=46944, stack(0x000000e66c300000,0x000000e66c400000) (1024K)]
  0x000001ff25afeba0 JavaThread "Build operations Thread 13"        [_thread_blocked, id=31284, stack(0x000000e66c400000,0x000000e66c500000) (1024K)]
  0x000001ff25b02d40 JavaThread "Build operations Thread 14"        [_thread_blocked, id=36064, stack(0x000000e66c500000,0x000000e66c600000) (1024K)]
  0x000001ff25b026b0 JavaThread "Build operations Thread 15"        [_thread_blocked, id=34236, stack(0x000000e66c600000,0x000000e66c700000) (1024K)]
  0x000001ff25b040f0 JavaThread "Build operations Thread 16"        [_thread_blocked, id=20348, stack(0x000000e66c900000,0x000000e66ca00000) (1024K)]
  0x000001ff25b054a0 JavaThread "build event listener"              [_thread_blocked, id=23548, stack(0x000000e66cc00000,0x000000e66cd00000) (1024K)]
  0x000001ff25b03a60 JavaThread "pool-6-thread-1"                   [_thread_blocked, id=27852, stack(0x000000e66cd00000,0x000000e66ce00000) (1024K)]
  0x000001ff25b04780 JavaThread "build event listener"              [_thread_blocked, id=45184, stack(0x000000e66ce00000,0x000000e66cf00000) (1024K)]
  0x000001ff293dec70 JavaThread "included builds"                   [_thread_blocked, id=44620, stack(0x000000e66cf00000,0x000000e66d000000) (1024K)]
  0x000001ff293ddf50 JavaThread "Execution worker"                  [_thread_in_native, id=24108, stack(0x000000e66d000000,0x000000e66d100000) (1024K)]
  0x000001ff293dcba0 JavaThread "Execution worker Thread 2"         [_thread_blocked, id=30316, stack(0x000000e66d100000,0x000000e66d200000) (1024K)]
  0x000001ff293dd230 JavaThread "Execution worker Thread 3"         [_thread_blocked, id=38268, stack(0x000000e66d200000,0x000000e66d300000) (1024K)]
  0x000001ff293e06b0 JavaThread "Execution worker Thread 4"         [_thread_blocked, id=44340, stack(0x000000e66d300000,0x000000e66d400000) (1024K)]
  0x000001ff293dd8c0 JavaThread "Execution worker Thread 5"         [_thread_blocked, id=35656, stack(0x000000e66d400000,0x000000e66d500000) (1024K)]
  0x000001ff293e13d0 JavaThread "Cache worker for execution history cache (D:\Github\music_wall\.gradle\9.4.1\executionHistory)"        [_thread_blocked, id=37352, stack(0x000000e66d500000,0x000000e66d600000) (1024K)]
  0x000001ff293e1a60 JavaThread "Execution worker Thread 6"         [_thread_blocked, id=34912, stack(0x000000e66d600000,0x000000e66d700000) (1024K)]
  0x000001ff293de5e0 JavaThread "Execution worker Thread 7"         [_thread_blocked, id=2696, stack(0x000000e66d700000,0x000000e66d800000) (1024K)]
  0x000001ff293e20f0 JavaThread "Execution worker Thread 8"         [_thread_blocked, id=30956, stack(0x000000e66d800000,0x000000e66d900000) (1024K)]
  0x000001ff293e2780 JavaThread "Execution worker Thread 9"         [_thread_blocked, id=43256, stack(0x000000e66d900000,0x000000e66da00000) (1024K)]
  0x000001ff293e2e10 JavaThread "Execution worker Thread 10"        [_thread_blocked, id=46516, stack(0x000000e66da00000,0x000000e66db00000) (1024K)]
  0x000001ff21b63a00 JavaThread "Execution worker Thread 11"        [_thread_blocked, id=36808, stack(0x000000e66db00000,0x000000e66dc00000) (1024K)]
  0x000001ff21b60c10 JavaThread "Execution worker Thread 12"        [_thread_blocked, id=12400, stack(0x000000e66dc00000,0x000000e66dd00000) (1024K)]
  0x000001ff21b62650 JavaThread "Execution worker Thread 13"        [_thread_blocked, id=31112, stack(0x000000e66df00000,0x000000e66e000000) (1024K)]
  0x000001ff21b64720 JavaThread "Execution worker Thread 14"        [_thread_blocked, id=2812, stack(0x000000e66e000000,0x000000e66e100000) (1024K)]
  0x000001ff21b65ad0 JavaThread "Execution worker Thread 15"        [_thread_blocked, id=42980, stack(0x000000e66e200000,0x000000e66e300000) (1024K)]
  0x000001ff213a6060 JavaThread "WorkerExecutor Queue"              [_thread_blocked, id=44720, stack(0x000000e66e300000,0x000000e66e400000) (1024K)]
  0x000001ff2a011510 JavaThread "DefaultDispatcher-worker-1" daemon [_thread_blocked, id=2640, stack(0x000000e66c700000,0x000000e66c800000) (1024K)]
  0x000001ff2a012230 JavaThread "DefaultDispatcher-worker-2" daemon [_thread_blocked, id=30524, stack(0x000000e66c800000,0x000000e66c900000) (1024K)]
  0x000001ff2a011ba0 JavaThread "DefaultDispatcher-worker-3" daemon [_thread_blocked, id=36416, stack(0x000000e66ca00000,0x000000e66cb00000) (1024K)]
  0x000001ff2a009860 JavaThread "Periodic tasks thread"      daemon [_thread_blocked, id=27352, stack(0x000000e66e700000,0x000000e66e800000) (1024K)]
  0x000001ff2a00b2a0 JavaThread "ApplicationImpl pooled thread 1"        [_thread_blocked, id=45468, stack(0x000000e66e800000,0x000000e66e900000) (1024K)]
  0x000001ff2a010e80 JavaThread "ForkJoinPool.commonPool-worker-1" daemon [_thread_blocked, id=44488, stack(0x000000e66e400000,0x000000e66e500000) (1024K)]
  0x000001ff2a014300 JavaThread "Java2D Disposer"            daemon [_thread_blocked, id=15364, stack(0x000000e66e500000,0x000000e66e600000) (1024K)]
  0x000001ff2a0170f0 JavaThread "AWT-Windows"                daemon [_thread_in_native, id=43764, stack(0x000000e66e900000,0x000000e66ea00000) (1024K)]
  0x000001ff3303e120 JavaThread "ForkJoinPool.commonPool-worker-2" daemon [_thread_blocked, id=35524, stack(0x000000e66ec00000,0x000000e66ed00000) (1024K)]
  0x000001ff33041c30 JavaThread "ForkJoinPool.commonPool-worker-3" daemon [_thread_blocked, id=2968, stack(0x000000e66ed00000,0x000000e66ee00000) (1024K)]
  0x000001ff33047810 JavaThread "ForkJoinPool.commonPool-worker-4" daemon [_thread_blocked, id=45528, stack(0x000000e66ee00000,0x000000e66ef00000) (1024K)]
  0x000001ff262d9ff0 JavaThread "WorkerExecutor Queue Thread 2"        [_thread_blocked, id=46680, stack(0x000000e66e100000,0x000000e66e200000) (1024K)]
  0x000001ff262d85b0 JavaThread "RMI RenewClean-[127.0.0.1:17941,org.jetbrains.kotlin.daemon.common.LoopbackNetworkInterface$ClientLoopbackSocketFactory@38c7e07f]" daemon [_thread_blocked, id=18300, stack(0x000000e66f000000,0x000000e66f100000) (1024K)]
  0x000001ff30e90440 JavaThread "RMI TCP Connection(2)-127.0.0.1" daemon [_thread_in_native, id=23976, stack(0x000000e66f100000,0x000000e66f200000) (1024K)]
  0x000001ff30e8fdb0 JavaThread "RMI TCP Connection(3)-127.0.0.1" daemon [_thread_in_native, id=21332, stack(0x000000e66b700000,0x000000e66b800000) (1024K)]
  0x000001ff25773f60 JavaThread "C2 CompilerThread1"         daemon [_thread_in_native, id=31684, stack(0x000000e66a800000,0x000000e66a900000) (1024K)]
  0x000001ff25934d70 JavaThread "C2 CompilerThread2"         daemon [_thread_in_native, id=28104, stack(0x000000e66a900000,0x000000e66aa00000) (1024K)]
=>0x000001ff25935b10 JavaThread "C2 CompilerThread3"         daemon [_thread_in_native, id=21664, stack(0x000000e66b000000,0x000000e66b100000) (1024K)]
  0x000001ff25939860 JavaThread "C2 CompilerThread4"         daemon [_thread_in_native, id=44828, stack(0x000000e66b100000,0x000000e66b200000) (1024K)]
  0x000001ff259361e0 JavaThread "C2 CompilerThread5"         daemon [_thread_in_native, id=40800, stack(0x000000e66b500000,0x000000e66b600000) (1024K)]
  0x000001ff259368b0 JavaThread "C1 CompilerThread1"         daemon [_thread_blocked, id=43848, stack(0x000000e66b600000,0x000000e66b700000) (1024K)]
  0x000001ff25937650 JavaThread "C1 CompilerThread2"         daemon [_thread_blocked, id=42384, stack(0x000000e66e600000,0x000000e66e700000) (1024K)]
  0x000001ff2593b3a0 JavaThread "C2 CompilerThread6"         daemon [_thread_in_native, id=39224, stack(0x000000e66eb00000,0x000000e66ec00000) (1024K)]
  0x000001ff25937d20 JavaThread "C2 CompilerThread7"         daemon [_thread_in_native, id=16360, stack(0x000000e66ef00000,0x000000e66f000000) (1024K)]
Total: 99

Other Threads:
  0x000001fed98558a0 VMThread "VM Thread"                           [id=35032, stack(0x000000e668300000,0x000000e668400000) (1024K)]
  0x000001fed983c7b0 WatcherThread "VM Periodic Task Thread"        [id=29964, stack(0x000000e668200000,0x000000e668300000) (1024K)]
  0x000001febdcf3330 WorkerThread "GC Thread#0"                     [id=23852, stack(0x000000e667d00000,0x000000e667e00000) (1024K)]
  0x000001fed9855500 WorkerThread "GC Thread#1"                     [id=31988, stack(0x000000e669500000,0x000000e669600000) (1024K)]
  0x000001fed9855160 WorkerThread "GC Thread#2"                     [id=39632, stack(0x000000e669600000,0x000000e669700000) (1024K)]
  0x000001fed9855fe0 WorkerThread "GC Thread#3"                     [id=28924, stack(0x000000e669700000,0x000000e669800000) (1024K)]
  0x000001fed9855c40 WorkerThread "GC Thread#4"                     [id=46096, stack(0x000000e669800000,0x000000e669900000) (1024K)]
  0x000001fed9854dc0 WorkerThread "GC Thread#5"                     [id=25684, stack(0x000000e669900000,0x000000e669a00000) (1024K)]
  0x000001fed9854680 WorkerThread "GC Thread#6"                     [id=45652, stack(0x000000e669a00000,0x000000e669b00000) (1024K)]
  0x000001fed9854a20 WorkerThread "GC Thread#7"                     [id=14528, stack(0x000000e669b00000,0x000000e669c00000) (1024K)]
  0x000001ff20191c70 WorkerThread "GC Thread#8"                     [id=42988, stack(0x000000e669c00000,0x000000e669d00000) (1024K)]
  0x000001ff201918d0 WorkerThread "GC Thread#9"                     [id=44328, stack(0x000000e669d00000,0x000000e669e00000) (1024K)]
  0x000001ff20192e90 WorkerThread "GC Thread#10"                    [id=38664, stack(0x000000e669e00000,0x000000e669f00000) (1024K)]
  0x000001ff20193970 WorkerThread "GC Thread#11"                    [id=39360, stack(0x000000e669f00000,0x000000e66a000000) (1024K)]
  0x000001ff20194b90 WorkerThread "GC Thread#12"                    [id=38796, stack(0x000000e66ad00000,0x000000e66ae00000) (1024K)]
  0x000001febdcfaba0 ConcurrentGCThread "G1 Main Marker"            [id=42456, stack(0x000000e667e00000,0x000000e667f00000) (1024K)]
  0x000001febdcfd920 WorkerThread "G1 Conc#0"                       [id=27428, stack(0x000000e667f00000,0x000000e668000000) (1024K)]
  0x000001ff201952d0 WorkerThread "G1 Conc#1"                       [id=1736, stack(0x000000e66ae00000,0x000000e66af00000) (1024K)]
  0x000001ff20193230 WorkerThread "G1 Conc#2"                       [id=30832, stack(0x000000e66af00000,0x000000e66b000000) (1024K)]
  0x000001febdd7e9d0 ConcurrentGCThread "G1 Refine#0"               [id=40572, stack(0x000000e668000000,0x000000e668100000) (1024K)]
  0x000001fed97f0430 ConcurrentGCThread "G1 Service"                [id=35612, stack(0x000000e668100000,0x000000e668200000) (1024K)]
Total: 21

Threads with active compile tasks:
C2 CompilerThread0   108803 30024       4       org.gradle.cache.internal.btree.BTreePersistentIndexedCache$IndexBlock::find (18 bytes)
C2 CompilerThread1   108803 29983       4       org.gradle.cache.internal.DefaultFileLockManager$DefaultFileLock::readFile (11 bytes)
C2 CompilerThread2   108803 30020       4       org.gradle.cache.internal.DefaultMultiProcessSafeIndexedCache::lambda$getIfPresent$0 (6 bytes)
C2 CompilerThread3   108803 29897       4       org.gradle.internal.logging.text.AbstractLineChoppingStyledTextOutput::doAppend (43 bytes)
C2 CompilerThread4   108803 30018       4       org.gradle.cache.internal.DefaultCacheCoordinator$UnitOfWorkFileAccess::readFile (14 bytes)
C2 CompilerThread5   108803 30019       4       org.gradle.cache.internal.DefaultMultiProcessSafeIndexedCache$$Lambda/0x000001fedb5d8220::get (12 bytes)
C2 CompilerThread6   108803 30016   !   4       org.gradle.cache.internal.DefaultMultiProcessSafeIndexedCache::getIfPresent (25 bytes)
C2 CompilerThread7   108803 30023       4       org.gradle.cache.internal.btree.BTreePersistentIndexedCache$IndexBlock::get (38 bytes)
Total: 8

VM state: not at safepoint (normal execution)

VM Mutex/Monitor currently owned by a thread: None

Heap address: 0x00000000d0000000, size: 768 MB, Compressed Oops mode: 32-bit

CDS archive(s) mapped at: [0x000001feda000000-0x000001fedac90000-0x000001fedac90000), size 13172736, SharedBaseAddress: 0x000001feda000000, ArchiveRelocationMode: 1.
Compressed class space mapped at: 0x000001fedb000000-0x000001ff1b000000, reserved size: 1073741824
Narrow klass base: 0x000001feda000000, Narrow klass shift: 0, Narrow klass range: 0x100000000

GC Precious Log:
 CardTable entry size: 512
 Card Set container configuration: InlinePtr #cards 5 size 8 Array Of Cards #cards 12 size 40 Howl #buckets 4 coarsen threshold 1843 Howl Bitmap #cards 512 size 80 coarsen threshold 460 Card regions per heap region 1 cards per card region 2048
 CPUs: 16 total, 16 available
 Memory: 32655M
 Large Page Support: Disabled
 NUMA Support: Disabled
 Compressed Oops: Enabled (32-bit)
 Heap Region Size: 1M
 Heap Min Capacity: 8M
 Heap Initial Capacity: 512M
 Heap Max Capacity: 768M
 Pre-touch: Disabled
 Parallel Workers: 13
 Concurrent Workers: 3
 Concurrent Refinement Workers: 13
 Periodic GC: Disabled

Heap:
 garbage-first heap   total 343040K, used 235845K [0x00000000d0000000, 0x0000000100000000)
  region size 1024K, 25 young (25600K), 13 survivors (13312K)
 Metaspace       used 193603K, committed 196224K, reserved 1245184K
  class space    used 24556K, committed 25856K, reserved 1048576K

Heap Regions: E=young(eden), S=young(survivor), O=old, HS=humongous(starts), HC=humongous(continues), CS=collection set, F=free, TAMS=top-at-mark-start, PB=parsable bottom
|   0|0x00000000d0000000, 0x00000000d0100000, 0x00000000d0100000|100%|HS|  |TAMS 0x00000000d0000000| PB 0x00000000d0000000| Complete 
|   1|0x00000000d0100000, 0x00000000d0200000, 0x00000000d0200000|100%|HC|  |TAMS 0x00000000d0100000| PB 0x00000000d0100000| Complete 
|   2|0x00000000d0200000, 0x00000000d0300000, 0x00000000d0300000|100%|HC|  |TAMS 0x00000000d0200000| PB 0x00000000d0200000| Complete 
|   3|0x00000000d0300000, 0x00000000d0400000, 0x00000000d0400000|100%|HC|  |TAMS 0x00000000d0300000| PB 0x00000000d0300000| Complete 
|   4|0x00000000d0400000, 0x00000000d0500000, 0x00000000d0500000|100%| O|  |TAMS 0x00000000d0400000| PB 0x00000000d0400000| Untracked 
|   5|0x00000000d0500000, 0x00000000d0600000, 0x00000000d0600000|100%| O|  |TAMS 0x00000000d0500000| PB 0x00000000d0500000| Untracked 
|   6|0x00000000d0600000, 0x00000000d0700000, 0x00000000d0700000|100%| O|  |TAMS 0x00000000d0600000| PB 0x00000000d0600000| Untracked 
|   7|0x00000000d0700000, 0x00000000d0800000, 0x00000000d0800000|100%|HS|  |TAMS 0x00000000d0700000| PB 0x00000000d0700000| Complete 
|   8|0x00000000d0800000, 0x00000000d0900000, 0x00000000d0900000|100%| O|  |TAMS 0x00000000d0800000| PB 0x00000000d0800000| Untracked 
|   9|0x00000000d0900000, 0x00000000d0a00000, 0x00000000d0a00000|100%| O|  |TAMS 0x00000000d0900000| PB 0x00000000d0900000| Untracked 
|  10|0x00000000d0a00000, 0x00000000d0b00000, 0x00000000d0b00000|100%| O|  |TAMS 0x00000000d0a00000| PB 0x00000000d0a00000| Untracked 
|  11|0x00000000d0b00000, 0x00000000d0c00000, 0x00000000d0c00000|100%| O|  |TAMS 0x00000000d0b00000| PB 0x00000000d0b00000| Untracked 
|  12|0x00000000d0c00000, 0x00000000d0d00000, 0x00000000d0d00000|100%| O|  |TAMS 0x00000000d0c00000| PB 0x00000000d0c00000| Untracked 
|  13|0x00000000d0d00000, 0x00000000d0e00000, 0x00000000d0e00000|100%| O|  |TAMS 0x00000000d0d00000| PB 0x00000000d0d00000| Untracked 
|  14|0x00000000d0e00000, 0x00000000d0f00000, 0x00000000d0f00000|100%| O|  |TAMS 0x00000000d0e00000| PB 0x00000000d0e00000| Untracked 
|  15|0x00000000d0f00000, 0x00000000d1000000, 0x00000000d1000000|100%| O|  |TAMS 0x00000000d0f00000| PB 0x00000000d0f00000| Untracked 
|  16|0x00000000d1000000, 0x00000000d1100000, 0x00000000d1100000|100%| O|  |TAMS 0x00000000d1000000| PB 0x00000000d1000000| Untracked 
|  17|0x00000000d1100000, 0x00000000d1200000, 0x00000000d1200000|100%| O|  |TAMS 0x00000000d1100000| PB 0x00000000d1100000| Untracked 
|  18|0x00000000d1200000, 0x00000000d1300000, 0x00000000d1300000|100%| O|  |TAMS 0x00000000d1200000| PB 0x00000000d1200000| Untracked 
|  19|0x00000000d1300000, 0x00000000d1400000, 0x00000000d1400000|100%| O|  |TAMS 0x00000000d1300000| PB 0x00000000d1300000| Untracked 
|  20|0x00000000d1400000, 0x00000000d1500000, 0x00000000d1500000|100%| O|  |TAMS 0x00000000d1400000| PB 0x00000000d1400000| Untracked 
|  21|0x00000000d1500000, 0x00000000d1600000, 0x00000000d1600000|100%| O|  |TAMS 0x00000000d1500000| PB 0x00000000d1500000| Untracked 
|  22|0x00000000d1600000, 0x00000000d1700000, 0x00000000d1700000|100%| O|  |TAMS 0x00000000d1600000| PB 0x00000000d1600000| Untracked 
|  23|0x00000000d1700000, 0x00000000d1800000, 0x00000000d1800000|100%| O|  |TAMS 0x00000000d1700000| PB 0x00000000d1700000| Untracked 
|  24|0x00000000d1800000, 0x00000000d1900000, 0x00000000d1900000|100%| O|  |TAMS 0x00000000d1800000| PB 0x00000000d1800000| Untracked 
|  25|0x00000000d1900000, 0x00000000d1a00000, 0x00000000d1a00000|100%| O|  |TAMS 0x00000000d1900000| PB 0x00000000d1900000| Untracked 
|  26|0x00000000d1a00000, 0x00000000d1b00000, 0x00000000d1b00000|100%| O|  |TAMS 0x00000000d1a00000| PB 0x00000000d1a00000| Untracked 
|  27|0x00000000d1b00000, 0x00000000d1c00000, 0x00000000d1c00000|100%| O|  |TAMS 0x00000000d1b00000| PB 0x00000000d1b00000| Untracked 
|  28|0x00000000d1c00000, 0x00000000d1d00000, 0x00000000d1d00000|100%| O|  |TAMS 0x00000000d1c00000| PB 0x00000000d1c00000| Untracked 
|  29|0x00000000d1d00000, 0x00000000d1e00000, 0x00000000d1e00000|100%| O|  |TAMS 0x00000000d1d00000| PB 0x00000000d1d00000| Untracked 
|  30|0x00000000d1e00000, 0x00000000d1f00000, 0x00000000d1f00000|100%| O|  |TAMS 0x00000000d1e00000| PB 0x00000000d1e00000| Untracked 
|  31|0x00000000d1f00000, 0x00000000d2000000, 0x00000000d2000000|100%| O|  |TAMS 0x00000000d1f00000| PB 0x00000000d1f00000| Untracked 
|  32|0x00000000d2000000, 0x00000000d2100000, 0x00000000d2100000|100%| O|  |TAMS 0x00000000d2000000| PB 0x00000000d2000000| Untracked 
|  33|0x00000000d2100000, 0x00000000d2200000, 0x00000000d2200000|100%| O|  |TAMS 0x00000000d2100000| PB 0x00000000d2100000| Untracked 
|  34|0x00000000d2200000, 0x00000000d2300000, 0x00000000d2300000|100%| O|  |TAMS 0x00000000d2200000| PB 0x00000000d2200000| Untracked 
|  35|0x00000000d2300000, 0x00000000d2400000, 0x00000000d2400000|100%| O|  |TAMS 0x00000000d2300000| PB 0x00000000d2300000| Untracked 
|  36|0x00000000d2400000, 0x00000000d2500000, 0x00000000d2500000|100%|HS|  |TAMS 0x00000000d2400000| PB 0x00000000d2400000| Complete 
|  37|0x00000000d2500000, 0x00000000d2600000, 0x00000000d2600000|100%| O|  |TAMS 0x00000000d2500000| PB 0x00000000d2500000| Untracked 
|  38|0x00000000d2600000, 0x00000000d2700000, 0x00000000d2700000|100%| O|  |TAMS 0x00000000d2600000| PB 0x00000000d2600000| Untracked 
|  39|0x00000000d2700000, 0x00000000d2800000, 0x00000000d2800000|100%| O|  |TAMS 0x00000000d2700000| PB 0x00000000d2700000| Untracked 
|  40|0x00000000d2800000, 0x00000000d2900000, 0x00000000d2900000|100%|HS|  |TAMS 0x00000000d2800000| PB 0x00000000d2800000| Complete 
|  41|0x00000000d2900000, 0x00000000d2a00000, 0x00000000d2a00000|100%|HS|  |TAMS 0x00000000d2900000| PB 0x00000000d2900000| Complete 
|  42|0x00000000d2a00000, 0x00000000d2b00000, 0x00000000d2b00000|100%|HC|  |TAMS 0x00000000d2a00000| PB 0x00000000d2a00000| Complete 
|  43|0x00000000d2b00000, 0x00000000d2c00000, 0x00000000d2c00000|100%|HS|  |TAMS 0x00000000d2b00000| PB 0x00000000d2b00000| Complete 
|  44|0x00000000d2c00000, 0x00000000d2d00000, 0x00000000d2d00000|100%|HC|  |TAMS 0x00000000d2c00000| PB 0x00000000d2c00000| Complete 
|  45|0x00000000d2d00000, 0x00000000d2e00000, 0x00000000d2e00000|100%|HS|  |TAMS 0x00000000d2d00000| PB 0x00000000d2d00000| Complete 
|  46|0x00000000d2e00000, 0x00000000d2f00000, 0x00000000d2f00000|100%| O|  |TAMS 0x00000000d2e00000| PB 0x00000000d2e00000| Untracked 
|  47|0x00000000d2f00000, 0x00000000d3000000, 0x00000000d3000000|100%| O|  |TAMS 0x00000000d2f00000| PB 0x00000000d2f00000| Untracked 
|  48|0x00000000d3000000, 0x00000000d3100000, 0x00000000d3100000|100%| O|  |TAMS 0x00000000d3000000| PB 0x00000000d3000000| Untracked 
|  49|0x00000000d3100000, 0x00000000d3200000, 0x00000000d3200000|100%| O|  |TAMS 0x00000000d3100000| PB 0x00000000d3100000| Untracked 
|  50|0x00000000d3200000, 0x00000000d3300000, 0x00000000d3300000|100%| O|  |TAMS 0x00000000d3200000| PB 0x00000000d3200000| Untracked 
|  51|0x00000000d3300000, 0x00000000d3400000, 0x00000000d3400000|100%| O|  |TAMS 0x00000000d3300000| PB 0x00000000d3300000| Untracked 
|  52|0x00000000d3400000, 0x00000000d3500000, 0x00000000d3500000|100%| O|  |TAMS 0x00000000d3400000| PB 0x00000000d3400000| Untracked 
|  53|0x00000000d3500000, 0x00000000d3600000, 0x00000000d3600000|100%|HS|  |TAMS 0x00000000d3500000| PB 0x00000000d3500000| Complete 
|  54|0x00000000d3600000, 0x00000000d3700000, 0x00000000d3700000|100%| O|  |TAMS 0x00000000d3600000| PB 0x00000000d3600000| Untracked 
|  55|0x00000000d3700000, 0x00000000d3800000, 0x00000000d3800000|100%|HS|  |TAMS 0x00000000d3700000| PB 0x00000000d3700000| Complete 
|  56|0x00000000d3800000, 0x00000000d3900000, 0x00000000d3900000|100%|HS|  |TAMS 0x00000000d3800000| PB 0x00000000d3800000| Complete 
|  57|0x00000000d3900000, 0x00000000d3a00000, 0x00000000d3a00000|100%| O|  |TAMS 0x00000000d3900000| PB 0x00000000d3900000| Untracked 
|  58|0x00000000d3a00000, 0x00000000d3b00000, 0x00000000d3b00000|100%| O|  |TAMS 0x00000000d3a00000| PB 0x00000000d3a00000| Untracked 
|  59|0x00000000d3b00000, 0x00000000d3c00000, 0x00000000d3c00000|100%| O|  |TAMS 0x00000000d3b00000| PB 0x00000000d3b00000| Untracked 
|  60|0x00000000d3c00000, 0x00000000d3d00000, 0x00000000d3d00000|100%| O|  |TAMS 0x00000000d3c00000| PB 0x00000000d3c00000| Untracked 
|  61|0x00000000d3d00000, 0x00000000d3e00000, 0x00000000d3e00000|100%| O|  |TAMS 0x00000000d3d00000| PB 0x00000000d3d00000| Untracked 
|  62|0x00000000d3e00000, 0x00000000d3f00000, 0x00000000d3f00000|100%| O|  |TAMS 0x00000000d3e00000| PB 0x00000000d3e00000| Untracked 
|  63|0x00000000d3f00000, 0x00000000d4000000, 0x00000000d4000000|100%| O|  |TAMS 0x00000000d3f00000| PB 0x00000000d3f00000| Untracked 
|  64|0x00000000d4000000, 0x00000000d4100000, 0x00000000d4100000|100%| O|  |TAMS 0x00000000d4000000| PB 0x00000000d4000000| Untracked 
|  65|0x00000000d4100000, 0x00000000d4200000, 0x00000000d4200000|100%|HS|  |TAMS 0x00000000d4100000| PB 0x00000000d4100000| Complete 
|  66|0x00000000d4200000, 0x00000000d4300000, 0x00000000d4300000|100%| O|  |TAMS 0x00000000d4200000| PB 0x00000000d4200000| Untracked 
|  67|0x00000000d4300000, 0x00000000d4400000, 0x00000000d4400000|100%| O|  |TAMS 0x00000000d4300000| PB 0x00000000d4300000| Untracked 
|  68|0x00000000d4400000, 0x00000000d4500000, 0x00000000d4500000|100%| O|  |TAMS 0x00000000d4400000| PB 0x00000000d4400000| Untracked 
|  69|0x00000000d4500000, 0x00000000d4600000, 0x00000000d4600000|100%| O|  |TAMS 0x00000000d4500000| PB 0x00000000d4500000| Untracked 
|  70|0x00000000d4600000, 0x00000000d4700000, 0x00000000d4700000|100%| O|  |TAMS 0x00000000d4600000| PB 0x00000000d4600000| Untracked 
|  71|0x00000000d4700000, 0x00000000d4800000, 0x00000000d4800000|100%| O|  |TAMS 0x00000000d4700000| PB 0x00000000d4700000| Untracked 
|  72|0x00000000d4800000, 0x00000000d4900000, 0x00000000d4900000|100%| O|  |TAMS 0x00000000d4800000| PB 0x00000000d4800000| Untracked 
|  73|0x00000000d4900000, 0x00000000d4a00000, 0x00000000d4a00000|100%| O|  |TAMS 0x00000000d4900000| PB 0x00000000d4900000| Untracked 
|  74|0x00000000d4a00000, 0x00000000d4b00000, 0x00000000d4b00000|100%| O|  |TAMS 0x00000000d4a00000| PB 0x00000000d4a00000| Untracked 
|  75|0x00000000d4b00000, 0x00000000d4b00000, 0x00000000d4c00000|  0%| F|  |TAMS 0x00000000d4b00000| PB 0x00000000d4b00000| Untracked 
|  76|0x00000000d4c00000, 0x00000000d4d00000, 0x00000000d4d00000|100%| O|  |TAMS 0x00000000d4c00000| PB 0x00000000d4c00000| Untracked 
|  77|0x00000000d4d00000, 0x00000000d4e00000, 0x00000000d4e00000|100%| O|  |TAMS 0x00000000d4d00000| PB 0x00000000d4d00000| Untracked 
|  78|0x00000000d4e00000, 0x00000000d4f00000, 0x00000000d4f00000|100%| O|  |TAMS 0x00000000d4e00000| PB 0x00000000d4e00000| Untracked 
|  79|0x00000000d4f00000, 0x00000000d5000000, 0x00000000d5000000|100%| O|  |TAMS 0x00000000d4f00000| PB 0x00000000d4f00000| Untracked 
|  80|0x00000000d5000000, 0x00000000d5100000, 0x00000000d5100000|100%|HS|  |TAMS 0x00000000d5000000| PB 0x00000000d5000000| Complete 
|  81|0x00000000d5100000, 0x00000000d5200000, 0x00000000d5200000|100%| O|  |TAMS 0x00000000d5100000| PB 0x00000000d5100000| Untracked 
|  82|0x00000000d5200000, 0x00000000d5300000, 0x00000000d5300000|100%| O|  |TAMS 0x00000000d5200000| PB 0x00000000d5200000| Untracked 
|  83|0x00000000d5300000, 0x00000000d5400000, 0x00000000d5400000|100%| O|  |TAMS 0x00000000d5300000| PB 0x00000000d5300000| Untracked 
|  84|0x00000000d5400000, 0x00000000d5500000, 0x00000000d5500000|100%| O|  |TAMS 0x00000000d5400000| PB 0x00000000d5400000| Untracked 
|  85|0x00000000d5500000, 0x00000000d5600000, 0x00000000d5600000|100%| O|  |TAMS 0x00000000d5500000| PB 0x00000000d5500000| Untracked 
|  86|0x00000000d5600000, 0x00000000d5700000, 0x00000000d5700000|100%|HS|  |TAMS 0x00000000d5600000| PB 0x00000000d5600000| Complete 
|  87|0x00000000d5700000, 0x00000000d5800000, 0x00000000d5800000|100%| O|  |TAMS 0x00000000d5700000| PB 0x00000000d5700000| Untracked 
|  88|0x00000000d5800000, 0x00000000d5900000, 0x00000000d5900000|100%| O|  |TAMS 0x00000000d5800000| PB 0x00000000d5800000| Untracked 
|  89|0x00000000d5900000, 0x00000000d5a00000, 0x00000000d5a00000|100%| O|  |TAMS 0x00000000d5900000| PB 0x00000000d5900000| Untracked 
|  90|0x00000000d5a00000, 0x00000000d5b00000, 0x00000000d5b00000|100%| O|  |TAMS 0x00000000d5a00000| PB 0x00000000d5a00000| Untracked 
|  91|0x00000000d5b00000, 0x00000000d5c00000, 0x00000000d5c00000|100%| O|  |TAMS 0x00000000d5b00000| PB 0x00000000d5b00000| Untracked 
|  92|0x00000000d5c00000, 0x00000000d5d00000, 0x00000000d5d00000|100%| O|  |TAMS 0x00000000d5c00000| PB 0x00000000d5c00000| Untracked 
|  93|0x00000000d5d00000, 0x00000000d5e00000, 0x00000000d5e00000|100%| O|  |TAMS 0x00000000d5d00000| PB 0x00000000d5d00000| Untracked 
|  94|0x00000000d5e00000, 0x00000000d5f00000, 0x00000000d5f00000|100%| O|  |TAMS 0x00000000d5e00000| PB 0x00000000d5e00000| Untracked 
|  95|0x00000000d5f00000, 0x00000000d6000000, 0x00000000d6000000|100%| O|  |TAMS 0x00000000d5f00000| PB 0x00000000d5f00000| Untracked 
|  96|0x00000000d6000000, 0x00000000d6100000, 0x00000000d6100000|100%| O|  |TAMS 0x00000000d6000000| PB 0x00000000d6000000| Untracked 
|  97|0x00000000d6100000, 0x00000000d6200000, 0x00000000d6200000|100%| O|  |TAMS 0x00000000d6100000| PB 0x00000000d6100000| Untracked 
|  98|0x00000000d6200000, 0x00000000d6300000, 0x00000000d6300000|100%| O|  |TAMS 0x00000000d6200000| PB 0x00000000d6200000| Untracked 
|  99|0x00000000d6300000, 0x00000000d6300000, 0x00000000d6400000|  0%| F|  |TAMS 0x00000000d6300000| PB 0x00000000d6300000| Untracked 
| 100|0x00000000d6400000, 0x00000000d6400000, 0x00000000d6500000|  0%| F|  |TAMS 0x00000000d6400000| PB 0x00000000d6400000| Untracked 
| 101|0x00000000d6500000, 0x00000000d6600000, 0x00000000d6600000|100%| O|  |TAMS 0x00000000d6500000| PB 0x00000000d6500000| Untracked 
| 102|0x00000000d6600000, 0x00000000d6700000, 0x00000000d6700000|100%| O|  |TAMS 0x00000000d6600000| PB 0x00000000d6600000| Untracked 
| 103|0x00000000d6700000, 0x00000000d6800000, 0x00000000d6800000|100%| O|  |TAMS 0x00000000d6700000| PB 0x00000000d6700000| Untracked 
| 104|0x00000000d6800000, 0x00000000d6900000, 0x00000000d6900000|100%| O|  |TAMS 0x00000000d6800000| PB 0x00000000d6800000| Untracked 
| 105|0x00000000d6900000, 0x00000000d6a00000, 0x00000000d6a00000|100%| O|  |TAMS 0x00000000d6900000| PB 0x00000000d6900000| Untracked 
| 106|0x00000000d6a00000, 0x00000000d6b00000, 0x00000000d6b00000|100%| O|  |TAMS 0x00000000d6a00000| PB 0x00000000d6a00000| Untracked 
| 107|0x00000000d6b00000, 0x00000000d6c00000, 0x00000000d6c00000|100%| O|  |TAMS 0x00000000d6b00000| PB 0x00000000d6b00000| Untracked 
| 108|0x00000000d6c00000, 0x00000000d6d00000, 0x00000000d6d00000|100%| O|  |TAMS 0x00000000d6c00000| PB 0x00000000d6c00000| Untracked 
| 109|0x00000000d6d00000, 0x00000000d6e00000, 0x00000000d6e00000|100%| O|  |TAMS 0x00000000d6d00000| PB 0x00000000d6d00000| Untracked 
| 110|0x00000000d6e00000, 0x00000000d6f00000, 0x00000000d6f00000|100%| O|  |TAMS 0x00000000d6e00000| PB 0x00000000d6e00000| Untracked 
| 111|0x00000000d6f00000, 0x00000000d7000000, 0x00000000d7000000|100%| O|  |TAMS 0x00000000d6f00000| PB 0x00000000d6f00000| Untracked 
| 112|0x00000000d7000000, 0x00000000d7100000, 0x00000000d7100000|100%| O|  |TAMS 0x00000000d7000000| PB 0x00000000d7000000| Untracked 
| 113|0x00000000d7100000, 0x00000000d7200000, 0x00000000d7200000|100%| O|  |TAMS 0x00000000d7100000| PB 0x00000000d7100000| Untracked 
| 114|0x00000000d7200000, 0x00000000d7300000, 0x00000000d7300000|100%| O|  |TAMS 0x00000000d7200000| PB 0x00000000d7200000| Untracked 
| 115|0x00000000d7300000, 0x00000000d7400000, 0x00000000d7400000|100%| O|  |TAMS 0x00000000d7300000| PB 0x00000000d7300000| Untracked 
| 116|0x00000000d7400000, 0x00000000d7500000, 0x00000000d7500000|100%| O|  |TAMS 0x00000000d7400000| PB 0x00000000d7400000| Untracked 
| 117|0x00000000d7500000, 0x00000000d7600000, 0x00000000d7600000|100%|HS|  |TAMS 0x00000000d7500000| PB 0x00000000d7500000| Complete 
| 118|0x00000000d7600000, 0x00000000d7700000, 0x00000000d7700000|100%|HC|  |TAMS 0x00000000d7600000| PB 0x00000000d7600000| Complete 
| 119|0x00000000d7700000, 0x00000000d7800000, 0x00000000d7800000|100%|HC|  |TAMS 0x00000000d7700000| PB 0x00000000d7700000| Complete 
| 120|0x00000000d7800000, 0x00000000d7900000, 0x00000000d7900000|100%|HC|  |TAMS 0x00000000d7800000| PB 0x00000000d7800000| Complete 
| 121|0x00000000d7900000, 0x00000000d7a00000, 0x00000000d7a00000|100%|HC|  |TAMS 0x00000000d7900000| PB 0x00000000d7900000| Complete 
| 122|0x00000000d7a00000, 0x00000000d7b00000, 0x00000000d7b00000|100%| O|  |TAMS 0x00000000d7a00000| PB 0x00000000d7a00000| Untracked 
| 123|0x00000000d7b00000, 0x00000000d7c00000, 0x00000000d7c00000|100%| O|  |TAMS 0x00000000d7b00000| PB 0x00000000d7b00000| Untracked 
| 124|0x00000000d7c00000, 0x00000000d7d00000, 0x00000000d7d00000|100%| O|  |TAMS 0x00000000d7c00000| PB 0x00000000d7c00000| Untracked 
| 125|0x00000000d7d00000, 0x00000000d7e00000, 0x00000000d7e00000|100%| O|  |TAMS 0x00000000d7d00000| PB 0x00000000d7d00000| Untracked 
| 126|0x00000000d7e00000, 0x00000000d7f00000, 0x00000000d7f00000|100%| O|  |TAMS 0x00000000d7e00000| PB 0x00000000d7e00000| Untracked 
| 127|0x00000000d7f00000, 0x00000000d8000000, 0x00000000d8000000|100%| O|  |TAMS 0x00000000d7f00000| PB 0x00000000d7f00000| Untracked 
| 128|0x00000000d8000000, 0x00000000d8100000, 0x00000000d8100000|100%| O|  |TAMS 0x00000000d8000000| PB 0x00000000d8000000| Untracked 
| 129|0x00000000d8100000, 0x00000000d8200000, 0x00000000d8200000|100%| O|  |TAMS 0x00000000d8100000| PB 0x00000000d8100000| Untracked 
| 130|0x00000000d8200000, 0x00000000d8300000, 0x00000000d8300000|100%| O|  |TAMS 0x00000000d8200000| PB 0x00000000d8200000| Untracked 
| 131|0x00000000d8300000, 0x00000000d8400000, 0x00000000d8400000|100%| O|  |TAMS 0x00000000d8300000| PB 0x00000000d8300000| Untracked 
| 132|0x00000000d8400000, 0x00000000d8500000, 0x00000000d8500000|100%| O|  |TAMS 0x00000000d8400000| PB 0x00000000d8400000| Untracked 
| 133|0x00000000d8500000, 0x00000000d8600000, 0x00000000d8600000|100%| O|  |TAMS 0x00000000d8500000| PB 0x00000000d8500000| Untracked 
| 134|0x00000000d8600000, 0x00000000d8700000, 0x00000000d8700000|100%| O|  |TAMS 0x00000000d8600000| PB 0x00000000d8600000| Untracked 
| 135|0x00000000d8700000, 0x00000000d8800000, 0x00000000d8800000|100%| O|  |TAMS 0x00000000d8700000| PB 0x00000000d8700000| Untracked 
| 136|0x00000000d8800000, 0x00000000d8900000, 0x00000000d8900000|100%| O|  |TAMS 0x00000000d8800000| PB 0x00000000d8800000| Untracked 
| 137|0x00000000d8900000, 0x00000000d8a00000, 0x00000000d8a00000|100%| O|  |TAMS 0x00000000d8900000| PB 0x00000000d8900000| Untracked 
| 138|0x00000000d8a00000, 0x00000000d8b00000, 0x00000000d8b00000|100%| O|  |TAMS 0x00000000d8a00000| PB 0x00000000d8a00000| Untracked 
| 139|0x00000000d8b00000, 0x00000000d8c00000, 0x00000000d8c00000|100%| O|  |TAMS 0x00000000d8b00000| PB 0x00000000d8b00000| Untracked 
| 140|0x00000000d8c00000, 0x00000000d8d00000, 0x00000000d8d00000|100%| O|  |TAMS 0x00000000d8c00000| PB 0x00000000d8c00000| Untracked 
| 141|0x00000000d8d00000, 0x00000000d8e00000, 0x00000000d8e00000|100%| O|  |TAMS 0x00000000d8d00000| PB 0x00000000d8d00000| Untracked 
| 142|0x00000000d8e00000, 0x00000000d8f00000, 0x00000000d8f00000|100%| O|  |TAMS 0x00000000d8e00000| PB 0x00000000d8e00000| Untracked 
| 143|0x00000000d8f00000, 0x00000000d9000000, 0x00000000d9000000|100%| O|  |TAMS 0x00000000d8f00000| PB 0x00000000d8f00000| Untracked 
| 144|0x00000000d9000000, 0x00000000d9100000, 0x00000000d9100000|100%| O|  |TAMS 0x00000000d9000000| PB 0x00000000d9000000| Untracked 
| 145|0x00000000d9100000, 0x00000000d9200000, 0x00000000d9200000|100%| O|  |TAMS 0x00000000d9100000| PB 0x00000000d9100000| Untracked 
| 146|0x00000000d9200000, 0x00000000d9300000, 0x00000000d9300000|100%| O|  |TAMS 0x00000000d9200000| PB 0x00000000d9200000| Untracked 
| 147|0x00000000d9300000, 0x00000000d9400000, 0x00000000d9400000|100%| O|  |TAMS 0x00000000d9300000| PB 0x00000000d9300000| Untracked 
| 148|0x00000000d9400000, 0x00000000d9500000, 0x00000000d9500000|100%| O|  |TAMS 0x00000000d9400000| PB 0x00000000d9400000| Untracked 
| 149|0x00000000d9500000, 0x00000000d9600000, 0x00000000d9600000|100%| O|  |TAMS 0x00000000d9500000| PB 0x00000000d9500000| Untracked 
| 150|0x00000000d9600000, 0x00000000d9700000, 0x00000000d9700000|100%| O|  |TAMS 0x00000000d9600000| PB 0x00000000d9600000| Untracked 
| 151|0x00000000d9700000, 0x00000000d9800000, 0x00000000d9800000|100%| O|  |TAMS 0x00000000d9700000| PB 0x00000000d9700000| Untracked 
| 152|0x00000000d9800000, 0x00000000d9900000, 0x00000000d9900000|100%| O|  |TAMS 0x00000000d9800000| PB 0x00000000d9800000| Untracked 
| 153|0x00000000d9900000, 0x00000000d9a00000, 0x00000000d9a00000|100%| O|  |TAMS 0x00000000d9900000| PB 0x00000000d9900000| Untracked 
| 154|0x00000000d9a00000, 0x00000000d9b00000, 0x00000000d9b00000|100%| O|  |TAMS 0x00000000d9a00000| PB 0x00000000d9a00000| Untracked 
| 155|0x00000000d9b00000, 0x00000000d9c00000, 0x00000000d9c00000|100%| O|  |TAMS 0x00000000d9b00000| PB 0x00000000d9b00000| Untracked 
| 156|0x00000000d9c00000, 0x00000000d9c00000, 0x00000000d9d00000|  0%| F|  |TAMS 0x00000000d9c00000| PB 0x00000000d9c00000| Untracked 
| 157|0x00000000d9d00000, 0x00000000d9d00000, 0x00000000d9e00000|  0%| F|  |TAMS 0x00000000d9d00000| PB 0x00000000d9d00000| Untracked 
| 158|0x00000000d9e00000, 0x00000000d9f00000, 0x00000000d9f00000|100%| O|  |TAMS 0x00000000d9e00000| PB 0x00000000d9e00000| Untracked 
| 159|0x00000000d9f00000, 0x00000000da000000, 0x00000000da000000|100%| O|  |TAMS 0x00000000d9f00000| PB 0x00000000d9f00000| Untracked 
| 160|0x00000000da000000, 0x00000000da100000, 0x00000000da100000|100%| O|  |TAMS 0x00000000da000000| PB 0x00000000da000000| Untracked 
| 161|0x00000000da100000, 0x00000000da200000, 0x00000000da200000|100%| O|  |TAMS 0x00000000da100000| PB 0x00000000da100000| Untracked 
| 162|0x00000000da200000, 0x00000000da300000, 0x00000000da300000|100%| O|  |TAMS 0x00000000da200000| PB 0x00000000da200000| Untracked 
| 163|0x00000000da300000, 0x00000000da300000, 0x00000000da400000|  0%| F|  |TAMS 0x00000000da300000| PB 0x00000000da300000| Untracked 
| 164|0x00000000da400000, 0x00000000da400000, 0x00000000da500000|  0%| F|  |TAMS 0x00000000da400000| PB 0x00000000da400000| Untracked 
| 165|0x00000000da500000, 0x00000000da600000, 0x00000000da600000|100%| O|  |TAMS 0x00000000da500000| PB 0x00000000da500000| Untracked 
| 166|0x00000000da600000, 0x00000000da700000, 0x00000000da700000|100%| O|  |TAMS 0x00000000da600000| PB 0x00000000da600000| Untracked 
| 167|0x00000000da700000, 0x00000000da800000, 0x00000000da800000|100%| O|  |TAMS 0x00000000da700000| PB 0x00000000da700000| Untracked 
| 168|0x00000000da800000, 0x00000000da900000, 0x00000000da900000|100%| O|  |TAMS 0x00000000da800000| PB 0x00000000da800000| Untracked 
| 169|0x00000000da900000, 0x00000000daa00000, 0x00000000daa00000|100%| O|  |TAMS 0x00000000da900000| PB 0x00000000da900000| Untracked 
| 170|0x00000000daa00000, 0x00000000dab00000, 0x00000000dab00000|100%| O|  |TAMS 0x00000000daa00000| PB 0x00000000daa00000| Untracked 
| 171|0x00000000dab00000, 0x00000000dac00000, 0x00000000dac00000|100%| O|  |TAMS 0x00000000dab00000| PB 0x00000000dab00000| Untracked 
| 172|0x00000000dac00000, 0x00000000dad00000, 0x00000000dad00000|100%| O|  |TAMS 0x00000000dac00000| PB 0x00000000dac00000| Untracked 
| 173|0x00000000dad00000, 0x00000000dae00000, 0x00000000dae00000|100%| O|  |TAMS 0x00000000dad00000| PB 0x00000000dad00000| Untracked 
| 174|0x00000000dae00000, 0x00000000daf00000, 0x00000000daf00000|100%| O|  |TAMS 0x00000000dae00000| PB 0x00000000dae00000| Untracked 
| 175|0x00000000daf00000, 0x00000000db000000, 0x00000000db000000|100%| O|  |TAMS 0x00000000daf00000| PB 0x00000000daf00000| Untracked 
| 176|0x00000000db000000, 0x00000000db000000, 0x00000000db100000|  0%| F|  |TAMS 0x00000000db000000| PB 0x00000000db000000| Untracked 
| 177|0x00000000db100000, 0x00000000db200000, 0x00000000db200000|100%| O|  |TAMS 0x00000000db100000| PB 0x00000000db100000| Untracked 
| 178|0x00000000db200000, 0x00000000db300000, 0x00000000db300000|100%| O|  |TAMS 0x00000000db200000| PB 0x00000000db200000| Untracked 
| 179|0x00000000db300000, 0x00000000db400000, 0x00000000db400000|100%| O|  |TAMS 0x00000000db300000| PB 0x00000000db300000| Untracked 
| 180|0x00000000db400000, 0x00000000db500000, 0x00000000db500000|100%| O|  |TAMS 0x00000000db400000| PB 0x00000000db400000| Untracked 
| 181|0x00000000db500000, 0x00000000db600000, 0x00000000db600000|100%| O|  |TAMS 0x00000000db500000| PB 0x00000000db500000| Untracked 
| 182|0x00000000db600000, 0x00000000db700000, 0x00000000db700000|100%| O|  |TAMS 0x00000000db600000| PB 0x00000000db600000| Untracked 
| 183|0x00000000db700000, 0x00000000db800000, 0x00000000db800000|100%| O|  |TAMS 0x00000000db700000| PB 0x00000000db700000| Untracked 
| 184|0x00000000db800000, 0x00000000db900000, 0x00000000db900000|100%| O|  |TAMS 0x00000000db800000| PB 0x00000000db800000| Untracked 
| 185|0x00000000db900000, 0x00000000dba00000, 0x00000000dba00000|100%| O|  |TAMS 0x00000000db900000| PB 0x00000000db900000| Untracked 
| 186|0x00000000dba00000, 0x00000000dbb00000, 0x00000000dbb00000|100%| O|  |TAMS 0x00000000dba00000| PB 0x00000000dba00000| Untracked 
| 187|0x00000000dbb00000, 0x00000000dbc00000, 0x00000000dbc00000|100%| O|  |TAMS 0x00000000dbb00000| PB 0x00000000dbb00000| Untracked 
| 188|0x00000000dbc00000, 0x00000000dbd00000, 0x00000000dbd00000|100%| O|  |TAMS 0x00000000dbc00000| PB 0x00000000dbc00000| Untracked 
| 189|0x00000000dbd00000, 0x00000000dbe00000, 0x00000000dbe00000|100%| O|  |TAMS 0x00000000dbd00000| PB 0x00000000dbd00000| Untracked 
| 190|0x00000000dbe00000, 0x00000000dbf00000, 0x00000000dbf00000|100%| O|  |TAMS 0x00000000dbe00000| PB 0x00000000dbe00000| Untracked 
| 191|0x00000000dbf00000, 0x00000000dc000000, 0x00000000dc000000|100%| O|  |TAMS 0x00000000dbf00000| PB 0x00000000dbf00000| Untracked 
| 192|0x00000000dc000000, 0x00000000dc100000, 0x00000000dc100000|100%| O|  |TAMS 0x00000000dc000000| PB 0x00000000dc000000| Untracked 
| 193|0x00000000dc100000, 0x00000000dc200000, 0x00000000dc200000|100%| O|  |TAMS 0x00000000dc100000| PB 0x00000000dc100000| Untracked 
| 194|0x00000000dc200000, 0x00000000dc300000, 0x00000000dc300000|100%| O|  |TAMS 0x00000000dc200000| PB 0x00000000dc200000| Untracked 
| 195|0x00000000dc300000, 0x00000000dc400000, 0x00000000dc400000|100%| O|  |TAMS 0x00000000dc300000| PB 0x00000000dc300000| Untracked 
| 196|0x00000000dc400000, 0x00000000dc500000, 0x00000000dc500000|100%| O|  |TAMS 0x00000000dc400000| PB 0x00000000dc400000| Untracked 
| 197|0x00000000dc500000, 0x00000000dc600000, 0x00000000dc600000|100%| O|  |TAMS 0x00000000dc500000| PB 0x00000000dc500000| Untracked 
| 198|0x00000000dc600000, 0x00000000dc700000, 0x00000000dc700000|100%| O|  |TAMS 0x00000000dc600000| PB 0x00000000dc600000| Untracked 
| 199|0x00000000dc700000, 0x00000000dc800000, 0x00000000dc800000|100%| O|  |TAMS 0x00000000dc700000| PB 0x00000000dc700000| Untracked 
| 200|0x00000000dc800000, 0x00000000dc900000, 0x00000000dc900000|100%| O|  |TAMS 0x00000000dc800000| PB 0x00000000dc800000| Untracked 
| 201|0x00000000dc900000, 0x00000000dca00000, 0x00000000dca00000|100%| O|  |TAMS 0x00000000dc900000| PB 0x00000000dc900000| Untracked 
| 202|0x00000000dca00000, 0x00000000dcb00000, 0x00000000dcb00000|100%| O|  |TAMS 0x00000000dca00000| PB 0x00000000dca00000| Untracked 
| 203|0x00000000dcb00000, 0x00000000dcc00000, 0x00000000dcc00000|100%| O|  |TAMS 0x00000000dcb00000| PB 0x00000000dcb00000| Untracked 
| 204|0x00000000dcc00000, 0x00000000dcd00000, 0x00000000dcd00000|100%| O|  |TAMS 0x00000000dcc00000| PB 0x00000000dcc00000| Untracked 
| 205|0x00000000dcd00000, 0x00000000dce00000, 0x00000000dce00000|100%| O|  |TAMS 0x00000000dcd00000| PB 0x00000000dcd00000| Untracked 
| 206|0x00000000dce00000, 0x00000000dcf00000, 0x00000000dcf00000|100%| O|  |TAMS 0x00000000dce00000| PB 0x00000000dce00000| Untracked 
| 207|0x00000000dcf00000, 0x00000000dd000000, 0x00000000dd000000|100%| O|  |TAMS 0x00000000dcf00000| PB 0x00000000dcf00000| Untracked 
| 208|0x00000000dd000000, 0x00000000dd100000, 0x00000000dd100000|100%| O|  |TAMS 0x00000000dd000000| PB 0x00000000dd000000| Untracked 
| 209|0x00000000dd100000, 0x00000000dd200000, 0x00000000dd200000|100%| O|  |TAMS 0x00000000dd100000| PB 0x00000000dd100000| Untracked 
| 210|0x00000000dd200000, 0x00000000dd2516e0, 0x00000000dd300000| 31%| O|  |TAMS 0x00000000dd200000| PB 0x00000000dd200000| Untracked 
| 211|0x00000000dd300000, 0x00000000dd300000, 0x00000000dd400000|  0%| F|  |TAMS 0x00000000dd300000| PB 0x00000000dd300000| Untracked 
| 212|0x00000000dd400000, 0x00000000dd400000, 0x00000000dd500000|  0%| F|  |TAMS 0x00000000dd400000| PB 0x00000000dd400000| Untracked 
| 213|0x00000000dd500000, 0x00000000dd500000, 0x00000000dd600000|  0%| F|  |TAMS 0x00000000dd500000| PB 0x00000000dd500000| Untracked 
| 214|0x00000000dd600000, 0x00000000dd600000, 0x00000000dd700000|  0%| F|  |TAMS 0x00000000dd600000| PB 0x00000000dd600000| Untracked 
| 215|0x00000000dd700000, 0x00000000dd800000, 0x00000000dd800000|100%| S|CS|TAMS 0x00000000dd700000| PB 0x00000000dd700000| Complete 
| 216|0x00000000dd800000, 0x00000000dd900000, 0x00000000dd900000|100%| S|CS|TAMS 0x00000000dd800000| PB 0x00000000dd800000| Complete 
| 217|0x00000000dd900000, 0x00000000dda00000, 0x00000000dda00000|100%| S|CS|TAMS 0x00000000dd900000| PB 0x00000000dd900000| Complete 
| 218|0x00000000dda00000, 0x00000000ddb00000, 0x00000000ddb00000|100%| S|CS|TAMS 0x00000000dda00000| PB 0x00000000dda00000| Complete 
| 219|0x00000000ddb00000, 0x00000000ddc00000, 0x00000000ddc00000|100%| S|CS|TAMS 0x00000000ddb00000| PB 0x00000000ddb00000| Complete 
| 220|0x00000000ddc00000, 0x00000000ddd00000, 0x00000000ddd00000|100%| S|CS|TAMS 0x00000000ddc00000| PB 0x00000000ddc00000| Complete 
| 221|0x00000000ddd00000, 0x00000000dde00000, 0x00000000dde00000|100%| S|CS|TAMS 0x00000000ddd00000| PB 0x00000000ddd00000| Complete 
| 222|0x00000000dde00000, 0x00000000ddf00000, 0x00000000ddf00000|100%| S|CS|TAMS 0x00000000dde00000| PB 0x00000000dde00000| Complete 
| 223|0x00000000ddf00000, 0x00000000de000000, 0x00000000de000000|100%| S|CS|TAMS 0x00000000ddf00000| PB 0x00000000ddf00000| Complete 
| 224|0x00000000de000000, 0x00000000de100000, 0x00000000de100000|100%| S|CS|TAMS 0x00000000de000000| PB 0x00000000de000000| Complete 
| 225|0x00000000de100000, 0x00000000de200000, 0x00000000de200000|100%| S|CS|TAMS 0x00000000de100000| PB 0x00000000de100000| Complete 
| 226|0x00000000de200000, 0x00000000de300000, 0x00000000de300000|100%| S|CS|TAMS 0x00000000de200000| PB 0x00000000de200000| Complete 
| 227|0x00000000de300000, 0x00000000de400000, 0x00000000de400000|100%| S|CS|TAMS 0x00000000de300000| PB 0x00000000de300000| Complete 
| 228|0x00000000de400000, 0x00000000de400000, 0x00000000de500000|  0%| F|  |TAMS 0x00000000de400000| PB 0x00000000de400000| Untracked 
| 229|0x00000000de500000, 0x00000000de500000, 0x00000000de600000|  0%| F|  |TAMS 0x00000000de500000| PB 0x00000000de500000| Untracked 
| 230|0x00000000de600000, 0x00000000de600000, 0x00000000de700000|  0%| F|  |TAMS 0x00000000de600000| PB 0x00000000de600000| Untracked 
| 231|0x00000000de700000, 0x00000000de700000, 0x00000000de800000|  0%| F|  |TAMS 0x00000000de700000| PB 0x00000000de700000| Untracked 
| 232|0x00000000de800000, 0x00000000de800000, 0x00000000de900000|  0%| F|  |TAMS 0x00000000de800000| PB 0x00000000de800000| Untracked 
| 233|0x00000000de900000, 0x00000000de900000, 0x00000000dea00000|  0%| F|  |TAMS 0x00000000de900000| PB 0x00000000de900000| Untracked 
| 234|0x00000000dea00000, 0x00000000dea00000, 0x00000000deb00000|  0%| F|  |TAMS 0x00000000dea00000| PB 0x00000000dea00000| Untracked 
| 235|0x00000000deb00000, 0x00000000deb00000, 0x00000000dec00000|  0%| F|  |TAMS 0x00000000deb00000| PB 0x00000000deb00000| Untracked 
| 236|0x00000000dec00000, 0x00000000dec00000, 0x00000000ded00000|  0%| F|  |TAMS 0x00000000dec00000| PB 0x00000000dec00000| Untracked 
| 237|0x00000000ded00000, 0x00000000ded00000, 0x00000000dee00000|  0%| F|  |TAMS 0x00000000ded00000| PB 0x00000000ded00000| Untracked 
| 238|0x00000000dee00000, 0x00000000dee00000, 0x00000000def00000|  0%| F|  |TAMS 0x00000000dee00000| PB 0x00000000dee00000| Untracked 
| 239|0x00000000def00000, 0x00000000def00000, 0x00000000df000000|  0%| F|  |TAMS 0x00000000def00000| PB 0x00000000def00000| Untracked 
| 240|0x00000000df000000, 0x00000000df000000, 0x00000000df100000|  0%| F|  |TAMS 0x00000000df000000| PB 0x00000000df000000| Untracked 
| 241|0x00000000df100000, 0x00000000df100000, 0x00000000df200000|  0%| F|  |TAMS 0x00000000df100000| PB 0x00000000df100000| Untracked 
| 242|0x00000000df200000, 0x00000000df200000, 0x00000000df300000|  0%| F|  |TAMS 0x00000000df200000| PB 0x00000000df200000| Untracked 
| 243|0x00000000df300000, 0x00000000df300000, 0x00000000df400000|  0%| F|  |TAMS 0x00000000df300000| PB 0x00000000df300000| Untracked 
| 244|0x00000000df400000, 0x00000000df400000, 0x00000000df500000|  0%| F|  |TAMS 0x00000000df400000| PB 0x00000000df400000| Untracked 
| 245|0x00000000df500000, 0x00000000df500000, 0x00000000df600000|  0%| F|  |TAMS 0x00000000df500000| PB 0x00000000df500000| Untracked 
| 246|0x00000000df600000, 0x00000000df600000, 0x00000000df700000|  0%| F|  |TAMS 0x00000000df600000| PB 0x00000000df600000| Untracked 
| 247|0x00000000df700000, 0x00000000df700000, 0x00000000df800000|  0%| F|  |TAMS 0x00000000df700000| PB 0x00000000df700000| Untracked 
| 248|0x00000000df800000, 0x00000000df800000, 0x00000000df900000|  0%| F|  |TAMS 0x00000000df800000| PB 0x00000000df800000| Untracked 
| 249|0x00000000df900000, 0x00000000df900000, 0x00000000dfa00000|  0%| F|  |TAMS 0x00000000df900000| PB 0x00000000df900000| Untracked 
| 250|0x00000000dfa00000, 0x00000000dfa00000, 0x00000000dfb00000|  0%| F|  |TAMS 0x00000000dfa00000| PB 0x00000000dfa00000| Untracked 
| 251|0x00000000dfb00000, 0x00000000dfb00000, 0x00000000dfc00000|  0%| F|  |TAMS 0x00000000dfb00000| PB 0x00000000dfb00000| Untracked 
| 252|0x00000000dfc00000, 0x00000000dfc00000, 0x00000000dfd00000|  0%| F|  |TAMS 0x00000000dfc00000| PB 0x00000000dfc00000| Untracked 
| 253|0x00000000dfd00000, 0x00000000dfd00000, 0x00000000dfe00000|  0%| F|  |TAMS 0x00000000dfd00000| PB 0x00000000dfd00000| Untracked 
| 254|0x00000000dfe00000, 0x00000000dfe00000, 0x00000000dff00000|  0%| F|  |TAMS 0x00000000dfe00000| PB 0x00000000dfe00000| Untracked 
| 255|0x00000000dff00000, 0x00000000dff00000, 0x00000000e0000000|  0%| F|  |TAMS 0x00000000dff00000| PB 0x00000000dff00000| Untracked 
| 256|0x00000000e0000000, 0x00000000e0000000, 0x00000000e0100000|  0%| F|  |TAMS 0x00000000e0000000| PB 0x00000000e0000000| Untracked 
| 257|0x00000000e0100000, 0x00000000e0100000, 0x00000000e0200000|  0%| F|  |TAMS 0x00000000e0100000| PB 0x00000000e0100000| Untracked 
| 258|0x00000000e0200000, 0x00000000e0200000, 0x00000000e0300000|  0%| F|  |TAMS 0x00000000e0200000| PB 0x00000000e0200000| Untracked 
| 259|0x00000000e0300000, 0x00000000e0300000, 0x00000000e0400000|  0%| F|  |TAMS 0x00000000e0300000| PB 0x00000000e0300000| Untracked 
| 260|0x00000000e0400000, 0x00000000e0400000, 0x00000000e0500000|  0%| F|  |TAMS 0x00000000e0400000| PB 0x00000000e0400000| Untracked 
| 261|0x00000000e0500000, 0x00000000e0500000, 0x00000000e0600000|  0%| F|  |TAMS 0x00000000e0500000| PB 0x00000000e0500000| Untracked 
| 262|0x00000000e0600000, 0x00000000e0600000, 0x00000000e0700000|  0%| F|  |TAMS 0x00000000e0600000| PB 0x00000000e0600000| Untracked 
| 263|0x00000000e0700000, 0x00000000e0700000, 0x00000000e0800000|  0%| F|  |TAMS 0x00000000e0700000| PB 0x00000000e0700000| Untracked 
| 264|0x00000000e0800000, 0x00000000e0800000, 0x00000000e0900000|  0%| F|  |TAMS 0x00000000e0800000| PB 0x00000000e0800000| Untracked 
| 265|0x00000000e0900000, 0x00000000e0900000, 0x00000000e0a00000|  0%| F|  |TAMS 0x00000000e0900000| PB 0x00000000e0900000| Untracked 
| 266|0x00000000e0a00000, 0x00000000e0a00000, 0x00000000e0b00000|  0%| F|  |TAMS 0x00000000e0a00000| PB 0x00000000e0a00000| Untracked 
| 267|0x00000000e0b00000, 0x00000000e0b00000, 0x00000000e0c00000|  0%| F|  |TAMS 0x00000000e0b00000| PB 0x00000000e0b00000| Untracked 
| 268|0x00000000e0c00000, 0x00000000e0c00000, 0x00000000e0d00000|  0%| F|  |TAMS 0x00000000e0c00000| PB 0x00000000e0c00000| Untracked 
| 269|0x00000000e0d00000, 0x00000000e0d00000, 0x00000000e0e00000|  0%| F|  |TAMS 0x00000000e0d00000| PB 0x00000000e0d00000| Untracked 
| 270|0x00000000e0e00000, 0x00000000e0e00000, 0x00000000e0f00000|  0%| F|  |TAMS 0x00000000e0e00000| PB 0x00000000e0e00000| Untracked 
| 271|0x00000000e0f00000, 0x00000000e0f00000, 0x00000000e1000000|  0%| F|  |TAMS 0x00000000e0f00000| PB 0x00000000e0f00000| Untracked 
| 272|0x00000000e1000000, 0x00000000e1000000, 0x00000000e1100000|  0%| F|  |TAMS 0x00000000e1000000| PB 0x00000000e1000000| Untracked 
| 273|0x00000000e1100000, 0x00000000e1100000, 0x00000000e1200000|  0%| F|  |TAMS 0x00000000e1100000| PB 0x00000000e1100000| Untracked 
| 274|0x00000000e1200000, 0x00000000e1200000, 0x00000000e1300000|  0%| F|  |TAMS 0x00000000e1200000| PB 0x00000000e1200000| Untracked 
| 275|0x00000000e1300000, 0x00000000e1300000, 0x00000000e1400000|  0%| F|  |TAMS 0x00000000e1300000| PB 0x00000000e1300000| Untracked 
| 276|0x00000000e1400000, 0x00000000e1400000, 0x00000000e1500000|  0%| F|  |TAMS 0x00000000e1400000| PB 0x00000000e1400000| Untracked 
| 277|0x00000000e1500000, 0x00000000e1500000, 0x00000000e1600000|  0%| F|  |TAMS 0x00000000e1500000| PB 0x00000000e1500000| Untracked 
| 278|0x00000000e1600000, 0x00000000e1600000, 0x00000000e1700000|  0%| F|  |TAMS 0x00000000e1600000| PB 0x00000000e1600000| Untracked 
| 279|0x00000000e1700000, 0x00000000e1700000, 0x00000000e1800000|  0%| F|  |TAMS 0x00000000e1700000| PB 0x00000000e1700000| Untracked 
| 280|0x00000000e1800000, 0x00000000e1800000, 0x00000000e1900000|  0%| F|  |TAMS 0x00000000e1800000| PB 0x00000000e1800000| Untracked 
| 281|0x00000000e1900000, 0x00000000e1900000, 0x00000000e1a00000|  0%| F|  |TAMS 0x00000000e1900000| PB 0x00000000e1900000| Untracked 
| 282|0x00000000e1a00000, 0x00000000e1a00000, 0x00000000e1b00000|  0%| F|  |TAMS 0x00000000e1a00000| PB 0x00000000e1a00000| Untracked 
| 283|0x00000000e1b00000, 0x00000000e1b00000, 0x00000000e1c00000|  0%| F|  |TAMS 0x00000000e1b00000| PB 0x00000000e1b00000| Untracked 
| 284|0x00000000e1c00000, 0x00000000e1c00000, 0x00000000e1d00000|  0%| F|  |TAMS 0x00000000e1c00000| PB 0x00000000e1c00000| Untracked 
| 285|0x00000000e1d00000, 0x00000000e1d00000, 0x00000000e1e00000|  0%| F|  |TAMS 0x00000000e1d00000| PB 0x00000000e1d00000| Untracked 
| 286|0x00000000e1e00000, 0x00000000e1e00000, 0x00000000e1f00000|  0%| F|  |TAMS 0x00000000e1e00000| PB 0x00000000e1e00000| Untracked 
| 287|0x00000000e1f00000, 0x00000000e1f00000, 0x00000000e2000000|  0%| F|  |TAMS 0x00000000e1f00000| PB 0x00000000e1f00000| Untracked 
| 288|0x00000000e2000000, 0x00000000e2000000, 0x00000000e2100000|  0%| F|  |TAMS 0x00000000e2000000| PB 0x00000000e2000000| Untracked 
| 289|0x00000000e2100000, 0x00000000e2100000, 0x00000000e2200000|  0%| F|  |TAMS 0x00000000e2100000| PB 0x00000000e2100000| Untracked 
| 290|0x00000000e2200000, 0x00000000e2200000, 0x00000000e2300000|  0%| F|  |TAMS 0x00000000e2200000| PB 0x00000000e2200000| Untracked 
| 291|0x00000000e2300000, 0x00000000e2300000, 0x00000000e2400000|  0%| F|  |TAMS 0x00000000e2300000| PB 0x00000000e2300000| Untracked 
| 292|0x00000000e2400000, 0x00000000e2400000, 0x00000000e2500000|  0%| F|  |TAMS 0x00000000e2400000| PB 0x00000000e2400000| Untracked 
| 293|0x00000000e2500000, 0x00000000e2500000, 0x00000000e2600000|  0%| F|  |TAMS 0x00000000e2500000| PB 0x00000000e2500000| Untracked 
| 294|0x00000000e2600000, 0x00000000e2600000, 0x00000000e2700000|  0%| F|  |TAMS 0x00000000e2600000| PB 0x00000000e2600000| Untracked 
| 295|0x00000000e2700000, 0x00000000e2700000, 0x00000000e2800000|  0%| F|  |TAMS 0x00000000e2700000| PB 0x00000000e2700000| Untracked 
| 296|0x00000000e2800000, 0x00000000e2800000, 0x00000000e2900000|  0%| F|  |TAMS 0x00000000e2800000| PB 0x00000000e2800000| Untracked 
| 297|0x00000000e2900000, 0x00000000e2900000, 0x00000000e2a00000|  0%| F|  |TAMS 0x00000000e2900000| PB 0x00000000e2900000| Untracked 
| 298|0x00000000e2a00000, 0x00000000e2a00000, 0x00000000e2b00000|  0%| F|  |TAMS 0x00000000e2a00000| PB 0x00000000e2a00000| Untracked 
| 299|0x00000000e2b00000, 0x00000000e2b00000, 0x00000000e2c00000|  0%| F|  |TAMS 0x00000000e2b00000| PB 0x00000000e2b00000| Untracked 
| 300|0x00000000e2c00000, 0x00000000e2c00000, 0x00000000e2d00000|  0%| F|  |TAMS 0x00000000e2c00000| PB 0x00000000e2c00000| Untracked 
| 301|0x00000000e2d00000, 0x00000000e2d00000, 0x00000000e2e00000|  0%| F|  |TAMS 0x00000000e2d00000| PB 0x00000000e2d00000| Untracked 
| 302|0x00000000e2e00000, 0x00000000e2e00000, 0x00000000e2f00000|  0%| F|  |TAMS 0x00000000e2e00000| PB 0x00000000e2e00000| Untracked 
| 303|0x00000000e2f00000, 0x00000000e2f00000, 0x00000000e3000000|  0%| F|  |TAMS 0x00000000e2f00000| PB 0x00000000e2f00000| Untracked 
| 304|0x00000000e3000000, 0x00000000e3000000, 0x00000000e3100000|  0%| F|  |TAMS 0x00000000e3000000| PB 0x00000000e3000000| Untracked 
| 305|0x00000000e3100000, 0x00000000e3100000, 0x00000000e3200000|  0%| F|  |TAMS 0x00000000e3100000| PB 0x00000000e3100000| Untracked 
| 306|0x00000000e3200000, 0x00000000e3200000, 0x00000000e3300000|  0%| F|  |TAMS 0x00000000e3200000| PB 0x00000000e3200000| Untracked 
| 307|0x00000000e3300000, 0x00000000e3300000, 0x00000000e3400000|  0%| F|  |TAMS 0x00000000e3300000| PB 0x00000000e3300000| Untracked 
| 308|0x00000000e3400000, 0x00000000e3400000, 0x00000000e3500000|  0%| F|  |TAMS 0x00000000e3400000| PB 0x00000000e3400000| Untracked 
| 309|0x00000000e3500000, 0x00000000e3500000, 0x00000000e3600000|  0%| F|  |TAMS 0x00000000e3500000| PB 0x00000000e3500000| Untracked 
| 310|0x00000000e3600000, 0x00000000e3600000, 0x00000000e3700000|  0%| F|  |TAMS 0x00000000e3600000| PB 0x00000000e3600000| Untracked 
| 311|0x00000000e3700000, 0x00000000e3700000, 0x00000000e3800000|  0%| F|  |TAMS 0x00000000e3700000| PB 0x00000000e3700000| Untracked 
| 312|0x00000000e3800000, 0x00000000e3800000, 0x00000000e3900000|  0%| F|  |TAMS 0x00000000e3800000| PB 0x00000000e3800000| Untracked 
| 313|0x00000000e3900000, 0x00000000e3900000, 0x00000000e3a00000|  0%| F|  |TAMS 0x00000000e3900000| PB 0x00000000e3900000| Untracked 
| 397|0x00000000e8d00000, 0x00000000e8d00000, 0x00000000e8e00000|  0%| F|  |TAMS 0x00000000e8d00000| PB 0x00000000e8d00000| Untracked 
| 398|0x00000000e8e00000, 0x00000000e8e00000, 0x00000000e8f00000|  0%| F|  |TAMS 0x00000000e8e00000| PB 0x00000000e8e00000| Untracked 
| 399|0x00000000e8f00000, 0x00000000e8f00000, 0x00000000e9000000|  0%| F|  |TAMS 0x00000000e8f00000| PB 0x00000000e8f00000| Untracked 
| 400|0x00000000e9000000, 0x00000000e9000000, 0x00000000e9100000|  0%| F|  |TAMS 0x00000000e9000000| PB 0x00000000e9000000| Untracked 
| 401|0x00000000e9100000, 0x00000000e9160bd8, 0x00000000e9200000| 37%| E|  |TAMS 0x00000000e9100000| PB 0x00000000e9100000| Complete 
| 402|0x00000000e9200000, 0x00000000e9300000, 0x00000000e9300000|100%| E|  |TAMS 0x00000000e9200000| PB 0x00000000e9200000| Complete 
| 403|0x00000000e9300000, 0x00000000e9400000, 0x00000000e9400000|100%| E|CS|TAMS 0x00000000e9300000| PB 0x00000000e9300000| Complete 
| 404|0x00000000e9400000, 0x00000000e9500000, 0x00000000e9500000|100%| E|CS|TAMS 0x00000000e9400000| PB 0x00000000e9400000| Complete 
| 405|0x00000000e9500000, 0x00000000e9600000, 0x00000000e9600000|100%| E|CS|TAMS 0x00000000e9500000| PB 0x00000000e9500000| Complete 
| 406|0x00000000e9600000, 0x00000000e9700000, 0x00000000e9700000|100%| E|CS|TAMS 0x00000000e9600000| PB 0x00000000e9600000| Complete 
| 407|0x00000000e9700000, 0x00000000e9800000, 0x00000000e9800000|100%| E|CS|TAMS 0x00000000e9700000| PB 0x00000000e9700000| Complete 
| 408|0x00000000e9800000, 0x00000000e9900000, 0x00000000e9900000|100%| E|CS|TAMS 0x00000000e9800000| PB 0x00000000e9800000| Complete 
| 510|0x00000000efe00000, 0x00000000eff00000, 0x00000000eff00000|100%| E|CS|TAMS 0x00000000efe00000| PB 0x00000000efe00000| Complete 
| 511|0x00000000eff00000, 0x00000000f0000000, 0x00000000f0000000|100%| E|CS|TAMS 0x00000000eff00000| PB 0x00000000eff00000| Complete 
| 761|0x00000000ff900000, 0x00000000ffa00000, 0x00000000ffa00000|100%| E|CS|TAMS 0x00000000ff900000| PB 0x00000000ff900000| Complete 
| 762|0x00000000ffa00000, 0x00000000ffb00000, 0x00000000ffb00000|100%| E|CS|TAMS 0x00000000ffa00000| PB 0x00000000ffa00000| Complete 
| 763|0x00000000ffb00000, 0x00000000ffc00000, 0x00000000ffc00000|100%| O|  |TAMS 0x00000000ffb00000| PB 0x00000000ffb00000| Untracked 
| 764|0x00000000ffc00000, 0x00000000ffd00000, 0x00000000ffd00000|100%| O|  |TAMS 0x00000000ffc00000| PB 0x00000000ffc00000| Untracked 
| 765|0x00000000ffd00000, 0x00000000ffe00000, 0x00000000ffe00000|100%| O|  |TAMS 0x00000000ffd00000| PB 0x00000000ffd00000| Untracked 
| 766|0x00000000ffe00000, 0x00000000fff00000, 0x00000000fff00000|100%| O|  |TAMS 0x00000000ffe00000| PB 0x00000000ffe00000| Untracked 
| 767|0x00000000fff00000, 0x0000000100000000, 0x0000000100000000|100%| O|  |TAMS 0x00000000fff00000| PB 0x00000000fff00000| Untracked 

Card table byte_map: [0x000001fed5b10000,0x000001fed5c90000] _byte_map_base: 0x000001fed5490000

Marking Bits: (CMBitMap*) 0x000001febdcf3940
 Bits: [0x000001fed5c90000, 0x000001fed6890000)

Polling page: 0x000001febbc10000

Metaspace:

Usage:
  Non-class:    165.08 MB used.
      Class:     23.98 MB used.
       Both:    189.07 MB used.

Virtual space:
  Non-class space:      192.00 MB reserved,     166.38 MB ( 87%) committed,  3 nodes.
      Class space:        1.00 GB reserved,      25.25 MB (  2%) committed,  1 nodes.
             Both:        1.19 GB reserved,     191.62 MB ( 16%) committed. 

Chunk freelists:
   Non-Class:  8.95 MB
       Class:  6.56 MB
        Both:  15.52 MB

MaxMetaspaceSize: unlimited
CompressedClassSpaceSize: 1.00 GB
Initial GC threshold: 21.00 MB
Current GC threshold: 309.19 MB
CDS: on
 - commit_granule_bytes: 65536.
 - commit_granule_words: 8192.
 - virtual_space_node_default_size: 8388608.
 - enlarge_chunks_in_place: 1.
 - use_allocation_guard: 0.


Internal statistics:

num_allocs_failed_limit: 9.
num_arena_births: 4856.
num_arena_deaths: 2.
num_vsnodes_births: 4.
num_vsnodes_deaths: 0.
num_space_committed: 3061.
num_space_uncommitted: 0.
num_chunks_returned_to_freelist: 12.
num_chunks_taken_from_freelist: 13015.
num_chunk_merges: 6.
num_chunk_splits: 9044.
num_chunks_enlarged: 6280.
num_inconsistent_stats: 0.

CodeHeap 'non-profiled nmethods': size=119168Kb used=12344Kb max_used=12780Kb free=106824Kb
 bounds [0x000001fecdcb0000, 0x000001fece930000, 0x000001fed5110000]
CodeHeap 'profiled nmethods': size=119104Kb used=43643Kb max_used=49006Kb free=75460Kb
 bounds [0x000001fec6110000, 0x000001fec90f0000, 0x000001fecd560000]
CodeHeap 'non-nmethods': size=7488Kb used=3638Kb max_used=4341Kb free=3849Kb
 bounds [0x000001fecd560000, 0x000001fecd9c0000, 0x000001fecdcb0000]
 total_blobs=16708 nmethods=15563 adapters=1044
 compilation: enabled
              stopped_count=0, restarted_count=0
 full_count=0

Compilation events (20 events):
Event: 108.743 Thread 0x000001ff25937d20 nmethod 29945 0x000001fece26d410 code [0x000001fece26d620, 0x000001fece26e678]
Event: 108.744 Thread 0x000001ff25937d20 30069       4       com.google.common.io.CountingOutputStream::write (22 bytes)
Event: 108.744 Thread 0x000001ff25937650 30077   !   3       org.gradle.cache.internal.DefaultFileLockManager$DefaultFileLock::doWriteAction (66 bytes)
Event: 108.744 Thread 0x000001ff25937d20 nmethod 30069 0x000001fece4f2390 code [0x000001fece4f2520, 0x000001fece4f2638]
Event: 108.744 Thread 0x000001ff25937650 nmethod 30077 0x000001fec6652590 code [0x000001fec66527e0, 0x000001fec6652f20]
Event: 108.744 Thread 0x000001ff25937d20 30070       4       java.io.DataOutputStream::writeLong (30 bytes)
Event: 108.746 Thread 0x000001ff25937d20 nmethod 30070 0x000001fece4f1e90 code [0x000001fece4f2020, 0x000001fece4f2178]
Event: 108.746 Thread 0x000001ff25937d20 30067       4       org.gradle.internal.snapshot.impl.DirectorySnapshotter$PathVisitor::getInternedFileName (28 bytes)
Event: 108.747 Thread 0x000001ff25937d20 nmethod 30067 0x000001fece4f1790 code [0x000001fece4f1980, 0x000001fece4f1ba0]
Event: 108.747 Thread 0x000001ff25937d20 30023       4       org.gradle.cache.internal.btree.BTreePersistentIndexedCache$IndexBlock::get (38 bytes)
Event: 108.753 Thread 0x000001ff25937650 30080       1       org.gradle.api.internal.changedetection.state.CachingFileHasher$FileInfo::access$300 (5 bytes)
Event: 108.753 Thread 0x000001ff25937650 nmethod 30080 0x000001fece3f5b10 code [0x000001fece3f5ca0, 0x000001fece3f5d50]
Event: 108.756 Thread 0x000001ff25937650 30081       3       org.gradle.internal.snapshot.ChildMap$Entry::handleAncestorDescendantOrExactMatch (110 bytes)
Event: 108.757 Thread 0x000001ff25937650 nmethod 30081 0x000001fec6650590 code [0x000001fec6650900, 0x000001fec6651e00]
Event: 108.759 Thread 0x000001fed9977c50 nmethod 29913 0x000001fece531790 code [0x000001fece531b00, 0x000001fece533d38]
Event: 108.759 Thread 0x000001fed9977c50 30079       4       com.google.common.cache.LocalCache$NullEntry::setPreviousInAccessQueue (1 bytes)
Event: 108.759 Thread 0x000001fed9977c50 nmethod 30079 0x000001fece3f5810 code [0x000001fece3f59a0, 0x000001fece3f5a28]
Event: 108.759 Thread 0x000001fed9977c50 30024       4       org.gradle.cache.internal.btree.BTreePersistentIndexedCache$IndexBlock::find (18 bytes)
Event: 108.773 Thread 0x000001ff25937650 30082       1       java.lang.management.DefaultPlatformMBeanProvider$1::mbeanInterfaceNames (5 bytes)
Event: 108.773 Thread 0x000001ff25937650 nmethod 30082 0x000001fece3f5510 code [0x000001fece3f56a0, 0x000001fece3f5768]

GC Heap History (20 events):
Event: 94.741 GC heap before
{Heap before GC invocations=48 (full 0):
 garbage-first heap   total 225280K, used 203611K [0x00000000d0000000, 0x0000000100000000)
  region size 1024K, 74 young (75776K), 9 survivors (9216K)
 Metaspace       used 142756K, committed 145280K, reserved 1179648K
  class space    used 19187K, committed 20480K, reserved 1048576K
}
Event: 94.748 GC heap after
{Heap after GC invocations=49 (full 0):
 garbage-first heap   total 225280K, used 136640K [0x00000000d0000000, 0x0000000100000000)
  region size 1024K, 5 young (5120K), 5 survivors (5120K)
 Metaspace       used 142756K, committed 145280K, reserved 1179648K
  class space    used 19187K, committed 20480K, reserved 1048576K
}
Event: 95.350 GC heap before
{Heap before GC invocations=49 (full 0):
 garbage-first heap   total 225280K, used 204224K [0x00000000d0000000, 0x0000000100000000)
  region size 1024K, 72 young (73728K), 5 survivors (5120K)
 Metaspace       used 155324K, committed 157952K, reserved 1245184K
  class space    used 20434K, committed 21760K, reserved 1048576K
}
Event: 95.354 GC heap after
{Heap after GC invocations=50 (full 0):
 garbage-first heap   total 225280K, used 140237K [0x00000000d0000000, 0x0000000100000000)
  region size 1024K, 9 young (9216K), 9 survivors (9216K)
 Metaspace       used 155324K, committed 157952K, reserved 1245184K
  class space    used 20434K, committed 21760K, reserved 1048576K
}
Event: 95.902 GC heap before
{Heap before GC invocations=51 (full 0):
 garbage-first heap   total 244736K, used 203725K [0x00000000d0000000, 0x0000000100000000)
  region size 1024K, 69 young (70656K), 9 survivors (9216K)
 Metaspace       used 163776K, committed 166400K, reserved 1245184K
  class space    used 21369K, committed 22656K, reserved 1048576K
}
Event: 95.907 GC heap after
{Heap after GC invocations=52 (full 0):
 garbage-first heap   total 244736K, used 147962K [0x00000000d0000000, 0x0000000100000000)
  region size 1024K, 9 young (9216K), 9 survivors (9216K)
 Metaspace       used 163776K, committed 166400K, reserved 1245184K
  class space    used 21369K, committed 22656K, reserved 1048576K
}
Event: 96.492 GC heap before
{Heap before GC invocations=52 (full 0):
 garbage-first heap   total 244736K, used 222714K [0x00000000d0000000, 0x0000000100000000)
  region size 1024K, 81 young (82944K), 9 survivors (9216K)
 Metaspace       used 169850K, committed 172480K, reserved 1245184K
  class space    used 22053K, committed 23360K, reserved 1048576K
}
Event: 96.500 GC heap after
{Heap after GC invocations=53 (full 0):
 garbage-first heap   total 251904K, used 162344K [0x00000000d0000000, 0x0000000100000000)
  region size 1024K, 11 young (11264K), 11 survivors (11264K)
 Metaspace       used 169850K, committed 172480K, reserved 1245184K
  class space    used 22053K, committed 23360K, reserved 1048576K
}
Event: 97.239 GC heap before
{Heap before GC invocations=53 (full 0):
 garbage-first heap   total 251904K, used 226856K [0x00000000d0000000, 0x0000000100000000)
  region size 1024K, 74 young (75776K), 11 survivors (11264K)
 Metaspace       used 176471K, committed 179136K, reserved 1245184K
  class space    used 22677K, committed 24000K, reserved 1048576K
}
Event: 97.247 GC heap after
{Heap after GC invocations=54 (full 0):
 garbage-first heap   total 251904K, used 173810K [0x00000000d0000000, 0x0000000100000000)
  region size 1024K, 10 young (10240K), 10 survivors (10240K)
 Metaspace       used 176471K, committed 179136K, reserved 1245184K
  class space    used 22677K, committed 24000K, reserved 1048576K
}
Event: 97.902 GC heap before
{Heap before GC invocations=55 (full 0):
 garbage-first heap   total 299008K, used 225010K [0x00000000d0000000, 0x0000000100000000)
  region size 1024K, 60 young (61440K), 10 survivors (10240K)
 Metaspace       used 178194K, committed 180864K, reserved 1245184K
  class space    used 22809K, committed 24128K, reserved 1048576K
}
Event: 97.909 GC heap after
{Heap after GC invocations=56 (full 0):
 garbage-first heap   total 299008K, used 183820K [0x00000000d0000000, 0x0000000100000000)
  region size 1024K, 8 young (8192K), 8 survivors (8192K)
 Metaspace       used 178194K, committed 180864K, reserved 1245184K
  class space    used 22809K, committed 24128K, reserved 1048576K
}
Event: 98.357 GC heap before
{Heap before GC invocations=56 (full 0):
 garbage-first heap   total 299008K, used 262668K [0x00000000d0000000, 0x0000000100000000)
  region size 1024K, 85 young (87040K), 8 survivors (8192K)
 Metaspace       used 178952K, committed 181568K, reserved 1245184K
  class space    used 22839K, committed 24128K, reserved 1048576K
}
Event: 98.365 GC heap after
{Heap after GC invocations=57 (full 0):
 garbage-first heap   total 299008K, used 188212K [0x00000000d0000000, 0x0000000100000000)
  region size 1024K, 6 young (6144K), 6 survivors (6144K)
 Metaspace       used 178952K, committed 181568K, reserved 1245184K
  class space    used 22839K, committed 24128K, reserved 1048576K
}
Event: 99.285 GC heap before
{Heap before GC invocations=57 (full 0):
 garbage-first heap   total 299008K, used 267060K [0x00000000d0000000, 0x0000000100000000)
  region size 1024K, 83 young (84992K), 6 survivors (6144K)
 Metaspace       used 187102K, committed 189824K, reserved 1245184K
  class space    used 23810K, committed 25152K, reserved 1048576K
}
Event: 99.290 GC heap after
{Heap after GC invocations=58 (full 0):
 garbage-first heap   total 299008K, used 195941K [0x00000000d0000000, 0x0000000100000000)
  region size 1024K, 11 young (11264K), 11 survivors (11264K)
 Metaspace       used 187102K, committed 189824K, reserved 1245184K
  class space    used 23810K, committed 25152K, reserved 1048576K
}
Event: 99.938 GC heap before
{Heap before GC invocations=59 (full 0):
 garbage-first heap   total 343040K, used 269669K [0x00000000d0000000, 0x0000000100000000)
  region size 1024K, 82 young (83968K), 11 survivors (11264K)
 Metaspace       used 190738K, committed 193408K, reserved 1245184K
  class space    used 24306K, committed 25600K, reserved 1048576K
}
Event: 99.946 GC heap after
{Heap after GC invocations=60 (full 0):
 garbage-first heap   total 343040K, used 211189K [0x00000000d0000000, 0x0000000100000000)
  region size 1024K, 11 young (11264K), 11 survivors (11264K)
 Metaspace       used 190738K, committed 193408K, reserved 1245184K
  class space    used 24306K, committed 25600K, reserved 1048576K
}
Event: 101.242 GC heap before
{Heap before GC invocations=60 (full 0):
 garbage-first heap   total 343040K, used 303349K [0x00000000d0000000, 0x0000000100000000)
  region size 1024K, 102 young (104448K), 11 survivors (11264K)
 Metaspace       used 193536K, committed 196224K, reserved 1245184K
  class space    used 24555K, committed 25856K, reserved 1048576K
}
Event: 101.252 GC heap after
{Heap after GC invocations=61 (full 0):
 garbage-first heap   total 343040K, used 225605K [0x00000000d0000000, 0x0000000100000000)
  region size 1024K, 13 young (13312K), 13 survivors (13312K)
 Metaspace       used 193536K, committed 196224K, reserved 1245184K
  class space    used 24555K, committed 25856K, reserved 1048576K
}

Dll operation events (18 events):
Event: 0.006 Loaded shared library C:\Program Files\Java\jdk-21\bin\java.dll
Event: 0.025 Loaded shared library C:\Program Files\Java\jdk-21\bin\jsvml.dll
Event: 0.048 Loaded shared library C:\Program Files\Java\jdk-21\bin\zip.dll
Event: 0.050 Loaded shared library C:\Program Files\Java\jdk-21\bin\instrument.dll
Event: 0.052 Loaded shared library C:\Program Files\Java\jdk-21\bin\net.dll
Event: 0.053 Loaded shared library C:\Program Files\Java\jdk-21\bin\nio.dll
Event: 0.055 Loaded shared library C:\Program Files\Java\jdk-21\bin\zip.dll
Event: 0.156 Loaded shared library C:\Program Files\Java\jdk-21\bin\jimage.dll
Event: 0.272 Loaded shared library C:\Program Files\Java\jdk-21\bin\verify.dll
Event: 0.290 Loaded shared library C:\Users\jfcar\.gradle\native\660c5614fbf4a5f2a75b1949f50a0caf5cd603558e7d8a26e50b933a0cfb79d1\windows-amd64\native-platform.dll
Event: 0.298 Loaded shared library C:\Users\jfcar\.gradle\native\0.2.8\x86_64-windows-gnu\gradle-fileevents.dll
Event: 0.755 Loaded shared library C:\Program Files\Java\jdk-21\bin\management.dll
Event: 0.756 Loaded shared library C:\Program Files\Java\jdk-21\bin\management_ext.dll
Event: 0.841 Loaded shared library C:\Program Files\Java\jdk-21\bin\extnet.dll
Event: 0.966 Loaded shared library C:\Program Files\Java\jdk-21\bin\sunmscapi.dll
Event: 10.011 Loaded shared library C:\Program Files\Java\jdk-21\bin\rmi.dll
Event: 94.998 Loaded shared library C:\Program Files\Java\jdk-21\bin\awt.dll
Event: 100.895 Loaded shared library C:\Users\jfcar\AppData\Local\Temp\sqlite-3.41.2.2-c8e49cc1-cf93-45c6-bcac-9932abf6874c-sqlitejdbc.dll

Deoptimization events (20 events):
Event: 101.546 Thread 0x000001ff30e90440 DEOPT PACKING pc=0x000001fecdccff80 sp=0x000000e66f1fe6f0
Event: 101.546 Thread 0x000001ff30e90440 DEOPT UNPACKING pc=0x000001fecd5b46a2 sp=0x000000e66f1fe6a0 mode 2
Event: 101.546 Thread 0x000001ff30e90440 Uncommon trap: trap_request=0xffffffc6 fr.pc=0x000001fecdccff80 relative=0x0000000000000700
Event: 101.546 Thread 0x000001ff30e90440 Uncommon trap: reason=bimorphic_or_optimized_type_check action=maybe_recompile pc=0x000001fecdccff80 method=java.util.Hashtable.get(Ljava/lang/Object;)Ljava/lang/Object; @ 6 c2
Event: 101.546 Thread 0x000001ff30e90440 DEOPT PACKING pc=0x000001fecdccff80 sp=0x000000e66f1fe6f0
Event: 101.546 Thread 0x000001ff30e90440 DEOPT UNPACKING pc=0x000001fecd5b46a2 sp=0x000000e66f1fe6a0 mode 2
Event: 107.726 Thread 0x000001ff30e90440 Uncommon trap: trap_request=0xffffff45 fr.pc=0x000001fece54d580 relative=0x00000000000006a0
Event: 107.726 Thread 0x000001ff30e90440 Uncommon trap: reason=unstable_if action=reinterpret pc=0x000001fece54d580 method=java.io.ObjectInputStream$BlockDataInputStream.readUTFSpan(Ljava/lang/StringBuilder;J)J @ 88 c2
Event: 107.726 Thread 0x000001ff30e90440 DEOPT PACKING pc=0x000001fece54d580 sp=0x000000e66f1fe4f0
Event: 107.726 Thread 0x000001ff30e90440 DEOPT UNPACKING pc=0x000001fecd5b46a2 sp=0x000000e66f1fe478 mode 2
Event: 108.683 Thread 0x000001ff293ddf50 Uncommon trap: trap_request=0xffffff45 fr.pc=0x000001fece40d0cc relative=0x000000000000168c
Event: 108.684 Thread 0x000001ff293ddf50 Uncommon trap: reason=unstable_if action=reinterpret pc=0x000001fece40d0cc method=org.gradle.internal.snapshot.PathUtil.equalChars(CCLorg/gradle/internal/snapshot/CaseSensitivity;)Z @ 40 c2
Event: 108.684 Thread 0x000001ff293ddf50 DEOPT PACKING pc=0x000001fece40d0cc sp=0x000000e66d0fa6f0
Event: 108.684 Thread 0x000001ff293ddf50 DEOPT UNPACKING pc=0x000001fecd5b46a2 sp=0x000000e66d0fa568 mode 2
Event: 108.695 Thread 0x000001ff293ddf50 Uncommon trap: trap_request=0xffffff45 fr.pc=0x000001fece1058a8 relative=0x0000000000000328
Event: 108.695 Thread 0x000001ff293ddf50 Uncommon trap: reason=unstable_if action=reinterpret pc=0x000001fece1058a8 method=org.gradle.internal.snapshot.PathUtil.equalChars(CCLorg/gradle/internal/snapshot/CaseSensitivity;)Z @ 40 c2
Event: 108.695 Thread 0x000001ff293ddf50 DEOPT PACKING pc=0x000001fece1058a8 sp=0x000000e66d0fa270
Event: 108.695 Thread 0x000001ff293ddf50 DEOPT UNPACKING pc=0x000001fecd5b46a2 sp=0x000000e66d0fa218 mode 2
Event: 108.709 Thread 0x000001ff2349fa50 DEOPT PACKING pc=0x000001fec7b84f2c sp=0x000000e66a3fe8a0
Event: 108.709 Thread 0x000001ff2349fa50 DEOPT UNPACKING pc=0x000001fecd5b4e42 sp=0x000000e66a3fdd40 mode 0

Classes loaded (20 events):
Event: 100.977 Loading class sun/nio/fs/WindowsSecurity$Privilege
Event: 100.978 Loading class sun/nio/fs/WindowsSecurity$Privilege done
Event: 100.978 Loading class sun/nio/fs/WindowsAclFileAttributeView
Event: 100.978 Loading class sun/nio/fs/AbstractAclFileAttributeView
Event: 100.978 Loading class java/nio/file/attribute/AclFileAttributeView
Event: 100.978 Loading class java/nio/file/attribute/FileOwnerAttributeView
Event: 100.978 Loading class java/nio/file/attribute/FileOwnerAttributeView done
Event: 100.978 Loading class java/nio/file/attribute/AclFileAttributeView done
Event: 100.978 Loading class sun/nio/fs/AbstractAclFileAttributeView done
Event: 100.978 Loading class sun/nio/fs/WindowsAclFileAttributeView done
Event: 101.006 Loading class sun/nio/fs/WindowsFileAttributeViews$Dos
Event: 101.006 Loading class java/nio/file/attribute/DosFileAttributeView
Event: 101.006 Loading class java/nio/file/attribute/DosFileAttributeView done
Event: 101.006 Loading class sun/nio/fs/WindowsFileAttributeViews$Dos done
Event: 101.106 Loading class java/util/WeakHashMap$KeyIterator
Event: 101.106 Loading class java/util/WeakHashMap$HashIterator
Event: 101.106 Loading class java/util/WeakHashMap$HashIterator done
Event: 101.106 Loading class java/util/WeakHashMap$KeyIterator done
Event: 103.303 Loading class java/rmi/server/Unreferenced
Event: 103.303 Loading class java/rmi/server/Unreferenced done

Classes unloaded (1 events):
Event: 93.458 Thread 0x000001fed98558a0 Unloading class 0x000001fedbcbc000 'java/lang/invoke/LambdaForm$MH+0x000001fedbcbc000'

Classes redefined (0 events):
No events

Internal exceptions (20 events):
Event: 101.056 Thread 0x000001ff213a6060 Exception <a 'sun/nio/fs/WindowsException'{0x00000000dece0258}> (0x00000000dece0258) 
thrown [s\open\src\hotspot\share\prims\jni.cpp, line 520]
Event: 101.062 Thread 0x000001ff213a6060 Exception <a 'sun/nio/fs/WindowsException'{0x00000000dece0838}> (0x00000000dece0838) 
thrown [s\open\src\hotspot\share\prims\jni.cpp, line 520]
Event: 101.062 Thread 0x000001ff213a6060 Exception <a 'sun/nio/fs/WindowsException'{0x00000000dece29e0}> (0x00000000dece29e0) 
thrown [s\open\src\hotspot\share\prims\jni.cpp, line 520]
Event: 101.076 Thread 0x000001ff213a6060 Exception <a 'sun/nio/fs/WindowsException'{0x00000000dece2fc0}> (0x00000000dece2fc0) 
thrown [s\open\src\hotspot\share\prims\jni.cpp, line 520]
Event: 101.076 Thread 0x000001ff213a6060 Exception <a 'sun/nio/fs/WindowsException'{0x00000000dece51a0}> (0x00000000dece51a0) 
thrown [s\open\src\hotspot\share\prims\jni.cpp, line 520]
Event: 101.089 Thread 0x000001ff213a6060 Exception <a 'sun/nio/fs/WindowsException'{0x00000000dece57a8}> (0x00000000dece57a8) 
thrown [s\open\src\hotspot\share\prims\jni.cpp, line 520]
Event: 101.089 Thread 0x000001ff213a6060 Exception <a 'sun/nio/fs/WindowsException'{0x00000000dece7888}> (0x00000000dece7888) 
thrown [s\open\src\hotspot\share\prims\jni.cpp, line 520]
Event: 101.090 Thread 0x000001ff213a6060 Exception <a 'sun/nio/fs/WindowsException'{0x00000000dece7ce0}> (0x00000000dece7ce0) 
thrown [s\open\src\hotspot\share\prims\jni.cpp, line 520]
Event: 101.090 Thread 0x000001ff213a6060 Exception <a 'sun/nio/fs/WindowsException'{0x00000000dece8850}> (0x00000000dece8850) 
thrown [s\open\src\hotspot\share\prims\jni.cpp, line 520]
Event: 101.091 Thread 0x000001ff213a6060 Exception <a 'sun/nio/fs/WindowsException'{0x00000000dece8e08}> (0x00000000dece8e08) 
thrown [s\open\src\hotspot\share\prims\jni.cpp, line 520]
Event: 101.091 Thread 0x000001ff213a6060 Exception <a 'sun/nio/fs/WindowsException'{0x00000000deceb2a8}> (0x00000000deceb2a8) 
thrown [s\open\src\hotspot\share\prims\jni.cpp, line 520]
Event: 101.092 Thread 0x000001ff213a6060 Exception <a 'sun/nio/fs/WindowsException'{0x00000000deceb700}> (0x00000000deceb700) 
thrown [s\open\src\hotspot\share\prims\jni.cpp, line 520]
Event: 101.092 Thread 0x000001ff213a6060 Exception <a 'sun/nio/fs/WindowsException'{0x00000000decec1d0}> (0x00000000decec1d0) 
thrown [s\open\src\hotspot\share\prims\jni.cpp, line 520]
Event: 101.093 Thread 0x000001ff213a6060 Exception <a 'sun/nio/fs/WindowsException'{0x00000000decec668}> (0x00000000decec668) 
thrown [s\open\src\hotspot\share\prims\jni.cpp, line 520]
Event: 101.093 Thread 0x000001ff213a6060 Exception <a 'sun/nio/fs/WindowsException'{0x00000000deced258}> (0x00000000deced258) 
thrown [s\open\src\hotspot\share\prims\jni.cpp, line 520]
Event: 101.094 Thread 0x000001ff213a6060 Exception <a 'sun/nio/fs/WindowsException'{0x00000000deced8b0}> (0x00000000deced8b0) 
thrown [s\open\src\hotspot\share\prims\jni.cpp, line 520]
Event: 101.094 Thread 0x000001ff213a6060 Exception <a 'sun/nio/fs/WindowsException'{0x00000000decef930}> (0x00000000decef930) 
thrown [s\open\src\hotspot\share\prims\jni.cpp, line 520]
Event: 101.095 Thread 0x000001ff213a6060 Exception <a 'sun/nio/fs/WindowsException'{0x00000000deceffd8}> (0x00000000deceffd8) 
thrown [s\open\src\hotspot\share\prims\jni.cpp, line 520]
Event: 101.109 Thread 0x000001ff293ddf50 Exception <a 'sun/nio/fs/WindowsException'{0x00000000debe1ac0}> (0x00000000debe1ac0) 
thrown [s\open\src\hotspot\share\prims\jni.cpp, line 520]
Event: 101.128 Thread 0x000001ff293ddf50 Exception <a 'sun/nio/fs/WindowsException'{0x00000000deab9588}> (0x00000000deab9588) 
thrown [s\open\src\hotspot\share\prims\jni.cpp, line 520]

ZGC Phase Switch (0 events):
No events

VM Operations (20 events):
Event: 100.732 Executing VM operation: ICBufferFull
Event: 100.732 Executing VM operation: ICBufferFull done
Event: 101.115 Executing VM operation: ICBufferFull
Event: 101.115 Executing VM operation: ICBufferFull done
Event: 101.115 Executing VM operation: ICBufferFull
Event: 101.115 Executing VM operation: ICBufferFull done
Event: 101.163 Executing VM operation: ICBufferFull
Event: 101.163 Executing VM operation: ICBufferFull done
Event: 101.209 Executing VM operation: ICBufferFull
Event: 101.209 Executing VM operation: ICBufferFull done
Event: 101.238 Executing VM operation: G1CollectForAllocation (G1 Evacuation Pause)
Event: 101.252 Executing VM operation: G1CollectForAllocation (G1 Evacuation Pause) done
Event: 102.252 Executing VM operation: Cleanup
Event: 102.253 Executing VM operation: Cleanup done
Event: 104.253 Executing VM operation: Cleanup
Event: 104.253 Executing VM operation: Cleanup done
Event: 105.253 Executing VM operation: Cleanup
Event: 105.253 Executing VM operation: Cleanup done
Event: 108.254 Executing VM operation: Cleanup
Event: 108.254 Executing VM operation: Cleanup done

Events (20 events):
Event: 103.174 Thread 0x000001ff20546230 Thread exited: 0x000001ff20546230
Event: 103.174 Thread 0x000001ff32542d20 Thread exited: 0x000001ff32542d20
Event: 103.174 Thread 0x000001ff25937d20 Thread exited: 0x000001ff25937d20
Event: 103.174 Thread 0x000001ff32542650 Thread exited: 0x000001ff32542650
Event: 103.301 Thread 0x000001ff32545600 Thread exited: 0x000001ff32545600
Event: 103.301 Thread 0x000001ff25937650 Thread exited: 0x000001ff25937650
Event: 103.301 Thread 0x000001ff30e8fdb0 Thread added: 0x000001ff30e8fdb0
Event: 103.301 Thread 0x000001ff32541f80 Thread exited: 0x000001ff32541f80
Event: 103.774 Thread 0x000001fed9a3a100 Thread exited: 0x000001fed9a3a100
Event: 103.774 Thread 0x000001fed9aed610 Thread exited: 0x000001fed9aed610
Event: 105.773 Thread 0x000001ff259368b0 Thread exited: 0x000001ff259368b0
Event: 108.681 Thread 0x000001ff25773f60 Thread added: 0x000001ff25773f60
Event: 108.681 Thread 0x000001ff25934d70 Thread added: 0x000001ff25934d70
Event: 108.681 Thread 0x000001ff25935b10 Thread added: 0x000001ff25935b10
Event: 108.681 Thread 0x000001ff25939860 Thread added: 0x000001ff25939860
Event: 108.681 Thread 0x000001ff259361e0 Thread added: 0x000001ff259361e0
Event: 108.682 Thread 0x000001ff259368b0 Thread added: 0x000001ff259368b0
Event: 108.682 Thread 0x000001ff25937650 Thread added: 0x000001ff25937650
Event: 108.701 Thread 0x000001ff2593b3a0 Thread added: 0x000001ff2593b3a0
Event: 108.702 Thread 0x000001ff25937d20 Thread added: 0x000001ff25937d20


Dynamic libraries:
0x00007ff7baa90000 - 0x00007ff7baaa0000 	C:\Program Files\Java\jdk-21\bin\java.exe
0x00007ff86be40000 - 0x00007ff86c0a6000 	C:\WINDOWS\SYSTEM32\ntdll.dll
0x00007ff86b110000 - 0x00007ff86b1d9000 	C:\WINDOWS\System32\KERNEL32.DLL
0x00007ff869200000 - 0x00007ff8695fa000 	C:\WINDOWS\System32\KERNELBASE.dll
0x00007ff869a60000 - 0x00007ff869bac000 	C:\WINDOWS\System32\ucrtbase.dll
0x00007ff843280000 - 0x00007ff843299000 	C:\Program Files\Java\jdk-21\bin\jli.dll
0x00007ff843260000 - 0x00007ff84327b000 	C:\Program Files\Java\jdk-21\bin\VCRUNTIME140.dll
0x00007ff86bd40000 - 0x00007ff86bdf6000 	C:\WINDOWS\System32\ADVAPI32.dll
0x00007ff86ba80000 - 0x00007ff86bb29000 	C:\WINDOWS\System32\msvcrt.dll
0x00007ff86b040000 - 0x00007ff86b0ea000 	C:\WINDOWS\System32\sechost.dll
0x00007ff86b6c0000 - 0x00007ff86b7d8000 	C:\WINDOWS\System32\RPCRT4.dll
0x00007ff86ae70000 - 0x00007ff86b037000 	C:\WINDOWS\System32\USER32.dll
0x00007ff8696b0000 - 0x00007ff8696d7000 	C:\WINDOWS\System32\win32u.dll
0x00007ff84d3d0000 - 0x00007ff84d662000 	C:\WINDOWS\WinSxS\amd64_microsoft.windows.common-controls_6595b64144ccf1df_6.0.26100.8521_none_3e08b75ce33403b3\COMCTL32.dll
0x00007ff86b1f0000 - 0x00007ff86b21b000 	C:\WINDOWS\System32\GDI32.dll
0x00007ff8690d0000 - 0x00007ff8691fb000 	C:\WINDOWS\System32\gdi32full.dll
0x00007ff869600000 - 0x00007ff8696a3000 	C:\WINDOWS\System32\msvcp_win.dll
0x00007ff85f210000 - 0x00007ff85f21b000 	C:\WINDOWS\SYSTEM32\VERSION.dll
0x00007ff86b8e0000 - 0x00007ff86b912000 	C:\WINDOWS\System32\IMM32.DLL
0x00007ff842fd0000 - 0x00007ff842fdc000 	C:\Program Files\Java\jdk-21\bin\vcruntime140_1.dll
0x00007ff842f40000 - 0x00007ff842fce000 	C:\Program Files\Java\jdk-21\bin\msvcp140.dll
0x00007ff822bb0000 - 0x00007ff8238c3000 	C:\Program Files\Java\jdk-21\bin\server\jvm.dll
0x00007ff869c20000 - 0x00007ff869ca0000 	C:\WINDOWS\System32\WS2_32.dll
0x00007ff868e80000 - 0x00007ff868ede000 	C:\WINDOWS\SYSTEM32\POWRPROF.dll
0x00007ff8579f0000 - 0x00007ff857a26000 	C:\WINDOWS\SYSTEM32\WINMM.dll
0x00007ff868e60000 - 0x00007ff868e74000 	C:\WINDOWS\SYSTEM32\UMPDC.dll
0x00007ff867e20000 - 0x00007ff867e3b000 	C:\WINDOWS\SYSTEM32\kernel.appcore.dll
0x00007ff842f30000 - 0x00007ff842f3a000 	C:\Program Files\Java\jdk-21\bin\jimage.dll
0x00007ff866a00000 - 0x00007ff866c42000 	C:\WINDOWS\SYSTEM32\DBGHELP.DLL
0x00007ff86a6f0000 - 0x00007ff86aa73000 	C:\WINDOWS\System32\combase.dll
0x00007ff869cb0000 - 0x00007ff869d89000 	C:\WINDOWS\System32\OLEAUT32.dll
0x00007ff84e060000 - 0x00007ff84e09b000 	C:\WINDOWS\SYSTEM32\dbgcore.DLL
0x00007ff869860000 - 0x00007ff869908000 	C:\WINDOWS\System32\bcryptPrimitives.dll
0x00007ff85e480000 - 0x00007ff85e48f000 	C:\Program Files\Java\jdk-21\bin\instrument.dll
0x00007ff842f10000 - 0x00007ff842f2f000 	C:\Program Files\Java\jdk-21\bin\java.dll
0x00007ff869f60000 - 0x00007ff86a6e4000 	C:\WINDOWS\System32\SHELL32.dll
0x00007ff866c80000 - 0x00007ff867500000 	C:\WINDOWS\SYSTEM32\windows.storage.dll
0x00007ff869d90000 - 0x00007ff869e86000 	C:\WINDOWS\System32\SHCORE.dll
0x00007ff869bb0000 - 0x00007ff869c17000 	C:\WINDOWS\System32\shlwapi.dll
0x00007ff868ff0000 - 0x00007ff869019000 	C:\WINDOWS\SYSTEM32\profapi.dll
0x00007ff842cc0000 - 0x00007ff842d97000 	C:\Program Files\Java\jdk-21\bin\jsvml.dll
0x00007ff842ec0000 - 0x00007ff842ed8000 	C:\Program Files\Java\jdk-21\bin\zip.dll
0x00007ff842f00000 - 0x00007ff842f10000 	C:\Program Files\Java\jdk-21\bin\net.dll
0x00007ff861f60000 - 0x00007ff862089000 	C:\WINDOWS\SYSTEM32\WINHTTP.dll
0x00007ff868370000 - 0x00007ff8683dc000 	C:\WINDOWS\system32\mswsock.dll
0x00007ff842ee0000 - 0x00007ff842ef6000 	C:\Program Files\Java\jdk-21\bin\nio.dll
0x00007ff85f190000 - 0x00007ff85f1a0000 	C:\Program Files\Java\jdk-21\bin\verify.dll
0x00007ff82abb0000 - 0x00007ff82abd7000 	C:\Users\jfcar\.gradle\native\660c5614fbf4a5f2a75b1949f50a0caf5cd603558e7d8a26e50b933a0cfb79d1\windows-amd64\native-platform.dll
0x00007fffe4f30000 - 0x00007fffe4fa7000 	C:\Users\jfcar\.gradle\native\0.2.8\x86_64-windows-gnu\gradle-fileevents.dll
0x00007ff842eb0000 - 0x00007ff842eba000 	C:\Program Files\Java\jdk-21\bin\management.dll
0x00007ff842ea0000 - 0x00007ff842eab000 	C:\Program Files\Java\jdk-21\bin\management_ext.dll
0x00007ff86b220000 - 0x00007ff86b228000 	C:\WINDOWS\System32\PSAPI.DLL
0x00007ff867810000 - 0x00007ff867843000 	C:\WINDOWS\SYSTEM32\IPHLPAPI.DLL
0x00007ff86b1e0000 - 0x00007ff86b1ea000 	C:\WINDOWS\System32\NSI.dll
0x00007ff84d0f0000 - 0x00007ff84d0f7000 	C:\Program Files\Java\jdk-21\bin\extnet.dll
0x00007ff868770000 - 0x00007ff86878b000 	C:\WINDOWS\SYSTEM32\CRYPTSP.dll
0x00007ff867d80000 - 0x00007ff867db9000 	C:\WINDOWS\system32\rsaenh.dll
0x00007ff868420000 - 0x00007ff868453000 	C:\WINDOWS\SYSTEM32\USERENV.dll
0x00007ff868fc0000 - 0x00007ff868fea000 	C:\WINDOWS\SYSTEM32\bcrypt.dll
0x00007ff8685d0000 - 0x00007ff8685dc000 	C:\WINDOWS\SYSTEM32\CRYPTBASE.dll
0x00007ff858df0000 - 0x00007ff858dfe000 	C:\Program Files\Java\jdk-21\bin\sunmscapi.dll
0x00007ff8696e0000 - 0x00007ff869858000 	C:\WINDOWS\System32\CRYPT32.dll
0x00007ff8688d0000 - 0x00007ff868900000 	C:\WINDOWS\SYSTEM32\ncrypt.dll
0x00007ff868880000 - 0x00007ff8688bf000 	C:\WINDOWS\SYSTEM32\NTASN1.dll
0x00007ff80a5c0000 - 0x00007ff80a5c8000 	C:\WINDOWS\system32\wshunix.dll
0x00007ff843a60000 - 0x00007ff843a67000 	C:\Program Files\Java\jdk-21\bin\rmi.dll
0x00007fffa6740000 - 0x00007fffa68cf000 	C:\Program Files\Java\jdk-21\bin\awt.dll
0x00007ff8650e0000 - 0x00007ff865180000 	C:\WINDOWS\SYSTEM32\apphelp.dll
0x00007ff865c00000 - 0x00007ff865caa000 	C:\WINDOWS\system32\uxtheme.dll
0x00007ff86b920000 - 0x00007ff86ba7d000 	C:\WINDOWS\System32\MSCTF.dll
0x00007ff86aa80000 - 0x00007ff86ac18000 	C:\WINDOWS\System32\ole32.dll
0x00007fff9e010000 - 0x00007fff9e0f9000 	C:\Users\jfcar\AppData\Local\Temp\sqlite-3.41.2.2-c8e49cc1-cf93-45c6-bcac-9932abf6874c-sqlitejdbc.dll
0x00007ff867f40000 - 0x00007ff867f76000 	C:\WINDOWS\SYSTEM32\ntmarta.dll

dbghelp: loaded successfully - version: 4.0.5 - missing functions: none
symbol engine: initialized successfully - sym options: 0x614 - pdb path: .;C:\Program Files\Java\jdk-21\bin;C:\WINDOWS\SYSTEM32;C:\WINDOWS\WinSxS\amd64_microsoft.windows.common-controls_6595b64144ccf1df_6.0.26100.8521_none_3e08b75ce33403b3;C:\Program Files\Java\jdk-21\bin\server;C:\Users\jfcar\.gradle\native\660c5614fbf4a5f2a75b1949f50a0caf5cd603558e7d8a26e50b933a0cfb79d1\windows-amd64;C:\Users\jfcar\.gradle\native\0.2.8\x86_64-windows-gnu;C:\Users\jfcar\AppData\Local\Temp

VM Arguments:
jvm_args: --add-opens=java.base/java.lang=ALL-UNNAMED --add-opens=java.base/java.lang.invoke=ALL-UNNAMED --add-opens=java.base/java.util=ALL-UNNAMED --add-opens=java.prefs/java.util.prefs=ALL-UNNAMED --add-exports=jdk.compiler/com.sun.tools.javac.api=ALL-UNNAMED --add-exports=jdk.compiler/com.sun.tools.javac.util=ALL-UNNAMED --add-opens=java.base/java.util=ALL-UNNAMED --add-opens=java.prefs/java.util.prefs=ALL-UNNAMED --add-opens=java.base/java.nio.charset=ALL-UNNAMED --add-opens=java.base/java.net=ALL-UNNAMED --add-opens=java.base/java.util.concurrent=ALL-UNNAMED --add-opens=java.base/java.util.concurrent.atomic=ALL-UNNAMED --add-opens=java.xml/javax.xml.namespace=ALL-UNNAMED --add-opens=java.base/java.time=ALL-UNNAMED -Xmx768m -Dfile.encoding=UTF-8 -Duser.country=PE -Duser.language=es -Duser.variant -javaagent:C:\Users\jfcar\.gradle\wrapper\dists\gradle-9.4.1-bin\arn2x92ynaizyzdaamcbpbhtj\gradle-9.4.1\lib\agents\gradle-instrumentation-agent-9.4.1.jar 
java_command: org.gradle.launcher.daemon.bootstrap.GradleDaemon 9.4.1
java_class_path (initial): C:\Users\jfcar\.gradle\wrapper\dists\gradle-9.4.1-bin\arn2x92ynaizyzdaamcbpbhtj\gradle-9.4.1\lib\gradle-daemon-main-9.4.1.jar
Launcher Type: SUN_STANDARD

[Global flags]
     intx CICompilerCount                          = 12                                        {product} {ergonomic}
     uint ConcGCThreads                            = 3                                         {product} {ergonomic}
     uint G1ConcRefinementThreads                  = 13                                        {product} {ergonomic}
   size_t G1HeapRegionSize                         = 1048576                                   {product} {ergonomic}
    uintx GCDrainStackTargetSize                   = 64                                        {product} {ergonomic}
   size_t InitialHeapSize                          = 536870912                                 {product} {ergonomic}
   size_t MarkStackSize                            = 4194304                                   {product} {ergonomic}
   size_t MaxHeapSize                              = 805306368                                 {product} {command line}
   size_t MaxNewSize                               = 482344960                                 {product} {ergonomic}
   size_t MinHeapDeltaBytes                        = 1048576                                   {product} {ergonomic}
   size_t MinHeapSize                              = 8388608                                   {product} {ergonomic}
    uintx NonNMethodCodeHeapSize                   = 7602480                                {pd product} {ergonomic}
    uintx NonProfiledCodeHeapSize                  = 122027880                              {pd product} {ergonomic}
    uintx ProfiledCodeHeapSize                     = 122027880                              {pd product} {ergonomic}
    uintx ReservedCodeCacheSize                    = 251658240                              {pd product} {ergonomic}
     bool SegmentedCodeCache                       = true                                      {product} {ergonomic}
   size_t SoftMaxHeapSize                          = 805306368                              {manageable} {ergonomic}
     bool UseCompressedOops                        = true                           {product lp64_product} {ergonomic}
     bool UseG1GC                                  = true                                      {product} {ergonomic}
     bool UseLargePagesIndividualAllocation        = false                                  {pd product} {ergonomic}

Logging:
Log output configuration:
 #0: stdout all=warning uptime,level,tags foldmultilines=false
 #1: stderr all=off uptime,level,tags foldmultilines=false

Environment Variables:
PATH=C:\Users\jfcar\bin;C:\Program Files\Git\mingw64\bin;C:\Program Files\Git\usr\local\bin;C:\Program Files\Git\usr\bin;C:\Program Files\Git\usr\bin;C:\Program Files\Git\mingw64\bin;C:\Program Files\Git\usr\bin;C:\Users\jfcar\bin;C:\Python314\Scripts;C:\Python314;C:\Program Files (x86)\Siemens\Automation\SCADA-RT_V11\WinCC\Bin;C:\Program Files\Common Files\Siemens\Automation\Simatic OAM\bin;C:\Program Files (x86)\Common Files\Siemens\Bin;C:\Program Files (x86)\Common Files\Siemens\CommonArchiving;C:\Program Files (x86)\Common Files\Siemens\ACE\Bin;C:\SIMULIA\Commands;C:\Program Files\Common Files\Oracle\Java\javapath;C:\Program Files (x86)\Common Files\Oracle\Java\java8path;C:\Program Files (x86)\Common Files\Oracle\Java\javapath;C:\Windows\system32;C:\Windows;C:\Windows\System32\Wbem;C:\Windows\System32\WindowsPowerShell\v1.0;C:\Windows\System32\OpenSSH;C:\Program Files (x86)\NVIDIA Corporation\PhysX\Common;C:\Program Files\dotnet;C:\dev\flutter\bin;C:\WINDOWS\system32;C:\WINDOWS;C:\WINDOWS\System32\Wbem;C:\WINDOWS\System32\WindowsPowerShell\v1.0;C:\WINDOWS\System32\OpenSSH;C:\Program Files\NVIDIA Corporation\NVIDIA app\NvDLISR;C:\Program Files\Microsoft SQL Server\Client SDK\ODBC\130\Tools\Binn;C:\Program Files (x86)\Microsoft SQL Server\130\Tools\Binn;C:\Program Files\Microsoft SQL Server\130\Tools\Binn;C:\Program Files\Microsoft SQL Server\130\DTS\Binn;C:\Program Files (x86)\Siemens\Automation\SCADA-RT_V11\WinCC\Interfaces;C:\Program Files (x86)\Common Files\Siemens;C:\Program Files (x86)\Common Files\Siemens\Interfaces;C:\Program Files (x86)\Common Files\Siemens\ACE\Interfaces;C:\Program Files (x86)\Windows Kits\10\Windows Performance Toolkit;C:\Program Files\nodejs;C:\ProgramData\chocolatey\bin;D:\Programas\Inkscape\bin;C:\Program Files\Git\cmd;C:\Program Files\Docker\Docker\resources\bin;C:\xampp\php;D:\Programas\Composer;D:\Program Files\7-Zip;D:\Programas\SuperCollider-3.14.1;C:\Program Files\MySQL\MySQL Shell 8.0\bin;C:\Users\jfcar\AppData\Local\Programs\Python\Python311\Scripts;C:\Users\jfcar\AppData\Local\Programs\Python\Python311;C:\Users\jfcar\AppData\Local\Microsoft\WindowsApps;C:\Users\jfcar\AppData\Local\Programs\Microsoft VS Code\bin;D:\Programas\MiKTeX\miktex\bin\x64;C:\ffmpeg\bin;C:\dev\flutter\bin;C:\MinGW\bin;C:\Users\jfcar\AppData\Roaming\npm;C:\sqlite3;C:\Users\jfcar\AppData\Local\Programs\cursor\resources\app\bin;C:\Users\jfcar\.local\bin;C:\Users\jfcar\AppData\Local\GitHubDesktop\bin;C:\Users\jfcar\AppData\Roaming\Composer\vendor\bin;D:\Programas\SuperCollider-3.14.1;C:\Program Files\Git\usr\bin\vendor_perl;C:\Program Files\Git\usr\bin\core_perl
USERNAME=jfcar
SHELL=C:\Program Files\Git\usr\bin\bash.exe
TERM=xterm-256color
TMPDIR=C:\Users\jfcar\AppData\Local\Temp\claude
OS=Windows_NT
PROCESSOR_IDENTIFIER=Intel64 Family 6 Model 165 Stepping 5, GenuineIntel
TMP=C:\Users\jfcar\AppData\Local\Temp
TEMP=C:\Users\jfcar\AppData\Local\Temp




---------------  S Y S T E M  ---------------

OS:
 Windows 11 , 64 bit Build 26100 (10.0.26100.8521)
OS uptime: 1 days 2:41 hours
Hyper-V role detected

CPU: total 16 (initial active 16) (8 cores per cpu, 2 threads per core) family 6 model 165 stepping 5 microcode 0xe0, cx8, cmov, fxsr, ht, mmx, 3dnowpref, sse, sse2, sse3, ssse3, sse4.1, sse4.2, popcnt, lzcnt, tsc, tscinvbit, avx, avx2, aes, erms, clmul, bmi1, bmi2, adx, fma, vzeroupper, clflush, clflushopt, hv, rdtscp, f16c
Processor Information for all 16 processors :
  Max Mhz: 3792, Current Mhz: 3792, Mhz Limit: 3792

Memory: 4k page, system-wide physical 32655M (7095M free)
TotalPageFile size 40422M (AvailPageFile size 5M)
current process WorkingSet (physical memory assigned to process): 882M, peak: 902M
current process commit charge ("private bytes"): 932M, peak: 952M

vm_info: Java HotSpot(TM) 64-Bit Server VM (21+35-LTS-2513) for windows-amd64 JRE (21+35-LTS-2513), built on 2023-08-09T20:25:10Z by "mach5one" with MS VC++ 17.1 (VS2022)

END.
